,LOCATION,TIME,CA,RealRate
0,AUS,2001-Q1,-2.38332,5.546667
1,AUS,2001-Q2,-2.107348,4.906667
2,AUS,2001-Q3,-1.7374490000000002,4.846667
3,AUS,2001-Q4,-2.779747,4.296667
4,AUS,2002-Q1,-2.674527,4.343333
5,AUS,2002-Q2,-3.5895,4.8333330000000005
6,AUS,2002-Q3,-3.929958,4.953333
7,AUS,2002-Q4,-5.01092,4.856667
8,AUS,2003-Q1,-4.989077,4.77
9,AUS,2003-Q2,-5.6414029999999995,4.746666
10,AUS,2003-Q3,-5.387099,4.816667
11,AUS,2003-Q4,-5.401633,5.25
12,AUS,2004-Q1,-5.711712,5.543334
13,AUS,2004-Q2,-5.588506,5.513333
14,AUS,2004-Q3,-6.6936919999999995,5.44
15,AUS,2004-Q4,-7.2817240000000005,5.4166669999999995
16,AUS,2005-Q1,-6.605411,5.62
17,AUS,2005-Q2,-5.766099,5.696667
18,AUS,2005-Q3,-5.692551,5.63
19,AUS,2005-Q4,-5.767478,5.63
20,AUS,2006-Q1,-5.642167,5.616667
21,AUS,2006-Q2,-6.129319000000001,5.84
22,AUS,2006-Q3,-5.554283,6.15
23,AUS,2006-Q4,-6.170694,6.346667
24,AUS,2007-Q1,-6.35427,6.41
25,AUS,2007-Q2,-6.594852,6.423333
26,AUS,2007-Q3,-6.755949,6.72
27,AUS,2007-Q4,-7.18093,7.116667
28,AUS,2008-Q1,-6.993728999999999,7.59
29,AUS,2008-Q2,-5.680723,7.8
30,AUS,2008-Q3,-3.7208650000000003,7.443333
31,AUS,2008-Q4,-2.746668,5.06
32,AUS,2009-Q1,-1.8017759999999998,3.353333
33,AUS,2009-Q2,-5.038197,3.16
34,AUS,2009-Q3,-5.288517,3.27
35,AUS,2009-Q4,-6.534629,3.953333
36,AUS,2010-Q1,-5.67671,4.23
37,AUS,2010-Q2,-2.751292,4.75
38,AUS,2010-Q3,-2.9379169999999997,4.8
39,AUS,2010-Q4,-3.36341,4.953333
40,AUS,2011-Q1,-3.546473,4.933333
41,AUS,2011-Q2,-3.018026,4.963333
42,AUS,2011-Q3,-2.542667,4.876666999999999
43,AUS,2011-Q4,-3.237937,4.62
44,AUS,2012-Q1,-4.583288,4.406667
45,AUS,2012-Q2,-3.5726730000000004,3.7833330000000003
46,AUS,2012-Q3,-4.258312999999999,3.5533330000000003
47,AUS,2012-Q4,-4.796949,3.17
48,AUS,2013-Q1,-3.2991839999999995,3.0
49,AUS,2013-Q2,-3.448808,2.88
50,AUS,2013-Q3,-3.733458,2.646667
51,AUS,2013-Q4,-3.069004,2.5933330000000003
52,AUS,2014-Q1,-2.4964150000000003,2.6366669999999996
53,AUS,2014-Q2,-3.2450259999999997,2.69
54,AUS,2014-Q3,-3.468813,2.646667
55,AUS,2014-Q4,-3.079381,2.74
56,AUS,2015-Q1,-3.235389,2.453333
57,AUS,2015-Q2,-5.091081,2.183333
58,AUS,2015-Q3,-4.925762000000001,2.15
59,AUS,2015-Q4,-5.4814,2.2366669999999997
60,AUS,2016-Q1,-3.75806,2.296667
61,AUS,2016-Q2,-3.8673839999999995,2.086667
62,AUS,2016-Q3,-3.408604,1.8066669999999998
63,AUS,2016-Q4,-1.415474,1.7633330000000003
64,AUS,2017-Q1,-1.622686,1.7833330000000003
65,AUS,2017-Q2,-2.409571,1.74
66,AUS,2017-Q3,-2.588593,1.706667
67,AUS,2017-Q4,-3.2270630000000002,1.73
68,AUS,2018-Q1,-2.255307,1.83
69,AUT,2001-Q1,-2.116933,4.745033
70,AUT,2001-Q2,-1.086746,4.590766
71,AUT,2001-Q3,0.3137876,4.267833
72,AUT,2001-Q4,-0.3061917,3.4435
73,AUT,2002-Q1,2.903669,3.3622330000000002
74,AUT,2002-Q2,1.384642,3.446
75,AUT,2002-Q3,2.418973,3.357333
76,AUT,2002-Q4,1.714645,3.1088
77,AUT,2003-Q1,1.520738,2.6831
78,AUT,2003-Q2,1.4590889999999999,2.3619
79,AUT,2003-Q3,1.5063879999999998,2.1392330000000004
80,AUT,2003-Q4,1.6968159999999999,2.149633
81,AUT,2004-Q1,2.619554,2.062967
82,AUT,2004-Q2,3.172297,2.082467
83,AUT,2004-Q3,2.045295,2.1163
84,AUT,2004-Q4,0.5093651,2.1636
85,AUT,2005-Q1,3.3778379999999997,2.140333
86,AUT,2005-Q2,1.492009,2.1246
87,AUT,2005-Q3,1.5969280000000001,2.1303330000000003
88,AUT,2005-Q4,2.588692,2.343467
89,AUT,2006-Q1,2.6556889999999997,2.611567
90,AUT,2006-Q2,2.858441,2.8895
91,AUT,2006-Q3,2.992471,3.221367
92,AUT,2006-Q4,4.602996,3.594467
93,AUT,2007-Q1,3.691212,3.820333
94,AUT,2007-Q2,4.466022,4.064833
95,AUT,2007-Q3,3.7657059999999998,4.5005
96,AUT,2007-Q4,3.2812900000000003,4.724767
97,AUT,2008-Q1,6.255812000000001,4.48
98,AUT,2008-Q2,3.667851,4.860466000000001
99,AUT,2008-Q3,5.110704,4.9818
100,AUT,2008-Q4,2.974416,4.2146669999999995
101,AUT,2009-Q1,2.844239,2.0117
102,AUT,2009-Q2,2.475724,1.310633
103,AUT,2009-Q3,2.5851490000000004,0.8692
104,AUT,2009-Q4,2.485961,0.7219
105,AUT,2010-Q1,3.8671309999999997,0.6621667
106,AUT,2010-Q2,2.817418,0.6862666999999999
107,AUT,2010-Q3,2.793621,0.8749334000000001
108,AUT,2010-Q4,1.979693,1.020467
109,AUT,2011-Q1,1.492673,1.093133
110,AUT,2011-Q2,1.778199,1.411633
111,AUT,2011-Q3,0.3473985,1.562067
112,AUT,2011-Q4,2.8977619999999997,1.495567
113,AUT,2012-Q1,0.8563055,1.043
114,AUT,2012-Q2,1.822861,0.6960334
115,AUT,2012-Q3,2.353538,0.3585667
116,AUT,2012-Q4,0.9011241,0.19513329999999998
117,AUT,2013-Q1,3.24365,0.21146669999999998
118,AUT,2013-Q2,1.9235259999999998,0.2068
119,AUT,2013-Q3,1.360091,0.2235
120,AUT,2013-Q4,1.2623950000000002,0.2409
121,AUT,2014-Q1,0.2563471,0.2951333
122,AUT,2014-Q2,1.97332,0.2985667
123,AUT,2014-Q3,2.1569279999999997,0.1645667
124,AUT,2014-Q4,5.447072,0.08146667
125,AUT,2015-Q1,2.465348,0.04603333
126,AUT,2015-Q2,2.055791,-0.006533334
127,AUT,2015-Q3,1.656318,-0.0278
128,AUT,2015-Q4,1.527097,-0.08916666
129,AUT,2016-Q1,3.524424,-0.1860667
130,AUT,2016-Q2,2.150697,-0.2581
131,AUT,2016-Q3,2.028052,-0.2981
132,AUT,2016-Q4,0.8199008,-0.3125
133,AUT,2017-Q1,1.304878,-0.3278
134,AUT,2017-Q2,1.884423,-0.3299667
135,AUT,2017-Q3,2.171307,-0.3296333
136,AUT,2017-Q4,2.140699,-0.3288
137,AUT,2018-Q1,2.6276770000000003,-0.3283
138,BEL,2003-Q1,2.4441650000000004,2.6831
139,BEL,2003-Q2,4.466974,2.3619
140,BEL,2003-Q3,2.878038,2.1392330000000004
141,BEL,2003-Q4,4.304317,2.149633
142,BEL,2004-Q1,3.325864,2.062967
143,BEL,2004-Q2,2.7153490000000002,2.082467
144,BEL,2004-Q3,3.147005,2.1163
145,BEL,2004-Q4,3.8756690000000003,2.1636
146,BEL,2005-Q1,2.9083509999999997,2.140333
147,BEL,2005-Q2,3.1663349999999997,2.1246
148,BEL,2005-Q3,1.1428209999999999,2.1303330000000003
149,BEL,2005-Q4,1.162762,2.343467
150,BEL,2006-Q1,0.9902978000000001,2.611567
151,BEL,2006-Q2,0.5343135999999999,2.8895
152,BEL,2006-Q3,2.519919,3.221367
153,BEL,2006-Q4,3.566477,3.594467
154,BEL,2007-Q1,3.971546,3.820333
155,BEL,2007-Q2,2.877016,4.064833
156,BEL,2007-Q3,1.486009,4.5005
157,BEL,2007-Q4,-0.47581769999999995,4.724767
158,BEL,2008-Q1,7.086678,4.48
159,BEL,2008-Q2,-2.181741,4.860466000000001
160,BEL,2008-Q3,-4.344024,4.9818
161,BEL,2008-Q4,-4.560641,4.2146669999999995
162,BEL,2009-Q1,-2.331312,2.0117
163,BEL,2009-Q2,-1.724309,1.310633
164,BEL,2009-Q3,-0.9661156999999999,0.8692
165,BEL,2009-Q4,0.6735536999999999,0.7219
166,BEL,2010-Q1,0.09005503,0.6621667
167,BEL,2010-Q2,2.26767,0.6862666999999999
168,BEL,2010-Q3,3.597229,0.8749334000000001
169,BEL,2010-Q4,1.056797,1.020467
170,BEL,2011-Q1,-0.39365490000000003,1.093133
171,BEL,2011-Q2,-0.8786224,1.411633
172,BEL,2011-Q3,-1.9633619999999998,1.562067
173,BEL,2011-Q4,-1.047601,1.495567
174,BEL,2012-Q1,0.8849973,1.043
175,BEL,2012-Q2,1.306629,0.6960334
176,BEL,2012-Q3,-0.441366,0.3585667
177,BEL,2012-Q4,-1.957748,0.19513329999999998
178,BEL,2013-Q1,-1.776886,0.21146669999999998
179,BEL,2013-Q2,-1.6590599999999998,0.2068
180,BEL,2013-Q3,1.483809,0.2235
181,BEL,2013-Q4,0.6536215999999999,0.2409
182,BEL,2014-Q1,-0.4543629,0.2951333
183,BEL,2014-Q2,-0.161216,0.2985667
184,BEL,2014-Q3,-2.672365,0.1645667
185,BEL,2014-Q4,-0.1847241,0.08146667
186,BEL,2015-Q1,-2.629191,0.04603333
187,BEL,2015-Q2,0.44720459999999995,-0.006533334
188,BEL,2015-Q3,0.740958,-0.0278
189,BEL,2015-Q4,0.8303305000000001,-0.08916666
190,BEL,2016-Q1,2.283145,-0.1860667
191,BEL,2016-Q2,-0.01047305,-0.2581
192,BEL,2016-Q3,-0.5568013,-0.2981
193,BEL,2016-Q4,-1.269039,-0.3125
194,BEL,2017-Q1,-0.504235,-0.3278
195,BEL,2017-Q2,-0.9460279,-0.3299667
196,BEL,2017-Q3,0.6185421999999999,-0.3296333
197,BEL,2017-Q4,0.16784739999999998,-0.3288
198,BEL,2018-Q1,0.7437201,-0.3283
199,CAN,2001-Q1,3.638782,5.1373489999999995
200,CAN,2001-Q2,2.4609080000000003,4.489311
201,CAN,2001-Q3,1.351185,3.954969
202,CAN,2001-Q4,1.0493780000000001,2.432831
203,CAN,2002-Q1,2.3684220000000002,2.12353
204,CAN,2002-Q2,1.764809,2.600879
205,CAN,2002-Q3,1.329102,2.9123740000000002
206,CAN,2002-Q4,1.1811770000000001,2.85797
207,CAN,2003-Q1,1.0631979999999999,2.997635
208,CAN,2003-Q2,0.2137355,3.280159
209,CAN,2003-Q3,1.584177,2.8591740000000003
210,CAN,2003-Q4,1.684348,2.720714
211,CAN,2004-Q1,2.026186,2.33022
212,CAN,2004-Q2,2.637464,2.079297
213,CAN,2004-Q3,2.274765,2.221111
214,CAN,2004-Q4,2.1404330000000003,2.616905
215,CAN,2005-Q1,0.8164452,2.5908029999999997
216,CAN,2005-Q2,1.0028190000000001,2.584711
217,CAN,2005-Q3,2.132484,2.763667
218,CAN,2005-Q4,3.3392129999999995,3.2879050000000003
219,CAN,2006-Q1,1.7709439999999999,3.774147
220,CAN,2006-Q2,1.1370360000000002,4.266332
221,CAN,2006-Q3,1.247708,4.3478639999999995
222,CAN,2006-Q4,1.313908,4.320196
223,CAN,2007-Q1,0.9420463,4.342515000000001
224,CAN,2007-Q2,1.416968,4.416053
225,CAN,2007-Q3,0.2263619,4.915582
226,CAN,2007-Q4,0.45854140000000004,4.826312000000001
227,CAN,2008-Q1,0.8515943000000001,3.883121
228,CAN,2008-Q2,1.2553969999999999,3.261716
229,CAN,2008-Q3,0.9209502,3.404556
230,CAN,2008-Q4,-2.721493,2.813079
231,CAN,2009-Q1,-2.786284,1.294276
232,CAN,2009-Q2,-2.8793509999999998,0.6981984
233,CAN,2009-Q3,-3.3581339999999997,0.40074390000000004
234,CAN,2009-Q4,-2.767516,0.38207140000000006
235,CAN,2010-Q1,-3.2952529999999998,0.38048059999999995
236,CAN,2010-Q2,-3.5709779999999998,0.60507
237,CAN,2010-Q3,-4.862389,0.95
238,CAN,2010-Q4,-2.725658,1.167889
239,CAN,2011-Q1,-3.1442349999999997,1.1841110000000001
240,CAN,2011-Q2,-3.188581,1.1802290000000002
241,CAN,2011-Q3,-2.282443,1.157273
242,CAN,2011-Q4,-2.497175,1.155675
243,CAN,2012-Q1,-2.9811349999999996,1.1569479999999999
244,CAN,2012-Q2,-3.883551,1.162499
245,CAN,2012-Q3,-3.8405769999999997,1.16
246,CAN,2012-Q4,-3.703422,1.16
247,CAN,2013-Q1,-3.29506,1.16
248,CAN,2013-Q2,-3.385472,1.1606670000000001
249,CAN,2013-Q3,-3.021662,1.168424
250,CAN,2013-Q4,-3.186107,1.168606
251,CAN,2014-Q1,-2.487935,1.17
252,CAN,2014-Q2,-2.1463099999999997,1.1739680000000001
253,CAN,2014-Q3,-1.973955,1.17
254,CAN,2014-Q4,-2.993661,1.177945
255,CAN,2015-Q1,-4.01414,0.9676030999999999
256,CAN,2015-Q2,-3.5081050000000005,0.8920635
257,CAN,2015-Q3,-3.202105,0.6674531
258,CAN,2015-Q4,-3.620965,0.7634683000000001
259,CAN,2016-Q1,-3.7183339999999996,0.7985
260,CAN,2016-Q2,-3.6593720000000003,0.8335281999999999
261,CAN,2016-Q3,-3.3341089999999998,0.8138174
262,CAN,2016-Q4,-2.1686520000000002,0.8196667
263,CAN,2017-Q1,-2.641584,0.8649584000000001
264,CAN,2017-Q2,-2.7852189999999997,0.8231738000000001
265,CAN,2017-Q3,-3.339263,1.214212
266,CAN,2017-Q4,-3.024261,1.343083
267,CAN,2018-Q1,-3.553637,1.565604
268,CZE,2001-Q1,-6.443645,5.22
269,CZE,2001-Q2,-6.1241080000000006,5.043334
270,CZE,2001-Q3,-4.648296,5.41
271,CZE,2001-Q4,-2.2979950000000002,5.02
272,CZE,2002-Q1,-5.3141620000000005,4.383333
273,CZE,2002-Q2,-4.852530000000001,3.933333
274,CZE,2002-Q3,-5.65672,3.14
275,CZE,2002-Q4,-4.530256,2.74
276,CZE,2003-Q1,-3.518728,2.5
277,CZE,2003-Q2,-6.325305999999999,2.41
278,CZE,2003-Q3,-6.001703,2.123333
279,CZE,2003-Q4,-6.970539,2.07
280,CZE,2004-Q1,-4.176153,2.06
281,CZE,2004-Q2,-4.743336,2.183333
282,CZE,2004-Q3,-5.334558,2.586667
283,CZE,2004-Q4,-0.8679603000000001,2.6166669999999996
284,CZE,2005-Q1,-2.750999,2.286667
285,CZE,2005-Q2,-3.366029,1.8533330000000001
286,CZE,2005-Q3,-1.9650990000000002,1.79
287,CZE,2005-Q4,-0.4177617,2.106667
288,CZE,2006-Q1,-1.4065299999999998,2.0733330000000003
289,CZE,2006-Q2,-3.400168,2.13
290,CZE,2006-Q3,-1.9417240000000002,2.38
291,CZE,2006-Q4,-3.0754919999999997,2.6166669999999996
292,CZE,2007-Q1,-3.722833,2.576667
293,CZE,2007-Q2,-4.874691,2.766667
294,CZE,2007-Q3,-5.7956330000000005,3.27
295,CZE,2007-Q4,-4.035291,3.7766669999999998
296,CZE,2008-Q1,-1.515103,3.98
297,CZE,2008-Q2,-3.672846,4.153333
298,CZE,2008-Q3,0.05762437,3.91
299,CZE,2008-Q4,-2.37831,4.106667
300,CZE,2009-Q1,-3.3995230000000003,2.71
301,CZE,2009-Q2,-3.664917,2.3233330000000003
302,CZE,2009-Q3,-1.58423,1.9633330000000002
303,CZE,2009-Q4,-0.41553559999999995,1.77
304,CZE,2010-Q1,-1.082011,1.5
305,CZE,2010-Q2,-2.35472,1.31
306,CZE,2010-Q3,-7.688022999999999,1.23
307,CZE,2010-Q4,-3.167479,1.213333
308,CZE,2011-Q1,-0.2476158,1.206667
309,CZE,2011-Q2,-7.663714,1.21
310,CZE,2011-Q3,-0.12086980000000001,1.183333
311,CZE,2011-Q4,-0.40528109999999995,1.16
312,CZE,2012-Q1,-2.516591,1.2
313,CZE,2012-Q2,-0.3712777,1.23
314,CZE,2012-Q3,-1.199133,0.9766667
315,CZE,2012-Q4,-2.150941,0.5833333
316,CZE,2013-Q1,-3.4135440000000004,0.4966667
317,CZE,2013-Q2,0.7471688,0.46333329999999995
318,CZE,2013-Q3,0.27751170000000003,0.45666670000000004
319,CZE,2013-Q4,0.2221081,0.41
320,CZE,2014-Q1,2.343071,0.37
321,CZE,2014-Q2,-1.1334790000000001,0.3633333
322,CZE,2014-Q3,-0.9707199000000001,0.35
323,CZE,2014-Q4,0.5314718,0.3433333
324,CZE,2015-Q1,0.9750786,0.3266667
325,CZE,2015-Q2,-1.546905,0.31
326,CZE,2015-Q3,-0.8147496999999999,0.3066667
327,CZE,2015-Q4,2.351012,0.29
328,CZE,2016-Q1,3.9247,0.2866667
329,CZE,2016-Q2,1.849479,0.29
330,CZE,2016-Q3,1.4182489999999999,0.29
331,CZE,2016-Q4,-0.9169778000000001,0.29
332,CZE,2017-Q1,1.2419129999999998,0.28
333,CZE,2017-Q2,1.9783060000000001,0.2966667
334,CZE,2017-Q3,0.4439745,0.3966667
335,CZE,2017-Q4,0.6509746,0.6566666999999999
336,CZE,2018-Q1,-3.1825330000000003,0.8566666999999999
337,DNK,2005-Q1,4.328243,2.1904
338,DNK,2005-Q2,4.175103,2.1726
339,DNK,2005-Q3,4.35044,2.1707669999999997
340,DNK,2005-Q4,3.92181,2.3629330000000004
341,DNK,2006-Q1,4.2938160000000005,2.676567
342,DNK,2006-Q2,2.870835,2.993667
343,DNK,2006-Q3,3.873008,3.327267
344,DNK,2006-Q4,2.28172,3.725367
345,DNK,2007-Q1,0.17330739999999997,3.995967
346,DNK,2007-Q2,1.630796,4.2748669999999995
347,DNK,2007-Q3,1.4305860000000001,4.6418669999999995
348,DNK,2007-Q4,2.513678,4.857867
349,DNK,2008-Q1,2.181402,4.7118
350,DNK,2008-Q2,3.7333309999999997,5.1582669999999995
351,DNK,2008-Q3,3.816354,5.393267
352,DNK,2008-Q4,1.915823,5.811967
353,DNK,2009-Q1,3.312114,3.8524
354,DNK,2009-Q2,3.813854,2.645467
355,DNK,2009-Q3,3.042816,1.9215669999999998
356,DNK,2009-Q4,3.69751,1.564533
357,DNK,2010-Q1,5.810967,1.4077
358,DNK,2010-Q2,5.7411010000000005,1.229167
359,DNK,2010-Q3,7.390339,1.1417329999999999
360,DNK,2010-Q4,7.2699039999999995,1.213933
361,DNK,2011-Q1,7.711952,1.254433
362,DNK,2011-Q2,5.859152,1.459633
363,DNK,2011-Q3,6.285183999999999,1.567733
364,DNK,2011-Q4,6.4873199999999995,1.256267
365,DNK,2012-Q1,4.987874,0.9984666999999999
366,DNK,2012-Q2,7.016153,0.8291666999999999
367,DNK,2012-Q3,6.955719,0.3469667
368,DNK,2012-Q4,6.14916,0.3041667
369,DNK,2013-Q1,6.948982000000001,0.3026333
370,DNK,2013-Q2,8.005262,0.2528333
371,DNK,2013-Q3,8.075946,0.2692
372,DNK,2013-Q4,7.997151,0.2617
373,DNK,2014-Q1,8.077231,0.28
374,DNK,2014-Q2,8.036641,0.34
375,DNK,2014-Q3,10.01639,0.3433333
376,DNK,2014-Q4,9.536817,0.3
377,DNK,2015-Q1,10.4083,-0.11333330000000001
378,DNK,2015-Q2,8.093187,-0.19
379,DNK,2015-Q3,9.479814999999999,-0.08
380,DNK,2015-Q4,7.275208,-0.11333330000000001
381,DNK,2016-Q1,7.199057000000001,-0.09
382,DNK,2016-Q2,7.813797999999999,-0.1166667
383,DNK,2016-Q3,6.021294999999999,-0.19666670000000003
384,DNK,2016-Q4,8.239361,-0.19333329999999999
385,DNK,2017-Q1,9.225871000000001,-0.23666669999999998
386,DNK,2017-Q2,8.460461,-0.24
387,DNK,2017-Q3,7.445442,-0.2733333
388,DNK,2017-Q4,6.214078,-0.3066667
389,DNK,2018-Q1,4.910443,-0.30333330000000003
390,FIN,2001-Q1,8.497014,4.745033
391,FIN,2001-Q2,7.56838,4.590766
392,FIN,2001-Q3,7.443474,4.267833
393,FIN,2001-Q4,8.732861,3.4435
394,FIN,2002-Q1,8.663076,3.3622330000000002
395,FIN,2002-Q2,7.639904,3.446
396,FIN,2002-Q3,8.369896,3.357333
397,FIN,2002-Q4,8.229341999999999,3.1088
398,FIN,2003-Q1,4.7279349999999996,2.6831
399,FIN,2003-Q2,5.305085,2.3619
400,FIN,2003-Q3,4.5931809999999995,2.1392330000000004
401,FIN,2003-Q4,3.958525,2.149633
402,FIN,2004-Q1,6.030417,2.062967
403,FIN,2004-Q2,4.791539,2.082467
404,FIN,2004-Q3,5.262212,2.1163
405,FIN,2004-Q4,7.009163,2.1636
406,FIN,2005-Q1,3.4272739999999997,2.140333
407,FIN,2005-Q2,1.716141,2.1246
408,FIN,2005-Q3,3.1962490000000003,2.1303330000000003
409,FIN,2005-Q4,3.8426489999999998,2.343467
410,FIN,2006-Q1,3.408087,2.611567
411,FIN,2006-Q2,4.92061,2.8895
412,FIN,2006-Q3,3.0520959999999997,3.221367
413,FIN,2006-Q4,3.367029,3.594467
414,FIN,2007-Q1,3.0323689999999996,3.820333
415,FIN,2007-Q2,3.575028,4.064833
416,FIN,2007-Q3,4.295498,4.5005
417,FIN,2007-Q4,3.848176,4.724767
418,FIN,2008-Q1,5.044807,4.48
419,FIN,2008-Q2,2.111599,4.860466000000001
420,FIN,2008-Q3,0.4824742,4.9818
421,FIN,2008-Q4,0.7331041,4.2146669999999995
422,FIN,2009-Q1,3.676978,2.0117
423,FIN,2009-Q2,0.3333233,1.310633
424,FIN,2009-Q3,0.8694052,0.8692
425,FIN,2009-Q4,1.651762,0.7219
426,FIN,2010-Q1,2.290082,0.6621667
427,FIN,2010-Q2,1.008002,0.6862666999999999
428,FIN,2010-Q3,-0.5705504,0.8749334000000001
429,FIN,2010-Q4,1.671246,1.020467
430,FIN,2011-Q1,-0.4238799,1.093133
431,FIN,2011-Q2,-2.128907,1.411633
432,FIN,2011-Q3,-1.343499,1.562067
433,FIN,2011-Q4,-3.035415,1.495567
434,FIN,2012-Q1,-4.444497,1.043
435,FIN,2012-Q2,-0.9933204,0.6960334
436,FIN,2012-Q3,-2.144903,0.3585667
437,FIN,2012-Q4,-1.504238,0.19513329999999998
438,FIN,2013-Q1,-2.132589,0.21146669999999998
439,FIN,2013-Q2,-1.017757,0.2068
440,FIN,2013-Q3,-3.203837,0.2235
441,FIN,2013-Q4,-1.431082,0.2409
442,FIN,2014-Q1,-0.7320188,0.2951333
443,FIN,2014-Q2,-1.406514,0.2985667
444,FIN,2014-Q3,-3.264749,0.1645667
445,FIN,2014-Q4,-0.7620479,0.08146667
446,FIN,2015-Q1,-0.9328917,0.04603333
447,FIN,2015-Q2,-0.11220810000000002,-0.006533334
448,FIN,2015-Q3,-0.224917,-0.0278
449,FIN,2015-Q4,-1.6595209999999998,-0.08916666
450,FIN,2016-Q1,0.004163189,-0.1860667
451,FIN,2016-Q2,-0.1739144,-0.2581
452,FIN,2016-Q3,-0.4528503,-0.2981
453,FIN,2016-Q4,-0.7394218000000001,-0.3125
454,FIN,2017-Q1,0.325565,-0.3278
455,FIN,2017-Q2,0.06204981,-0.3299667
456,FIN,2017-Q3,0.7879078,-0.3296333
457,FIN,2017-Q4,1.6664290000000002,-0.3288
458,FIN,2018-Q1,0.49511289999999997,-0.3283
459,FRA,2001-Q1,1.6546290000000001,4.745033
460,FRA,2001-Q2,1.390542,4.590766
461,FRA,2001-Q3,1.2606959999999998,4.267833
462,FRA,2001-Q4,1.7436470000000002,3.4435
463,FRA,2002-Q1,1.43527,3.3622330000000002
464,FRA,2002-Q2,1.458995,3.446
465,FRA,2002-Q3,0.8055199000000001,3.357333
466,FRA,2002-Q4,1.021123,3.1088
467,FRA,2003-Q1,0.909877,2.6831
468,FRA,2003-Q2,0.636016,2.3619
469,FRA,2003-Q3,0.7560303,2.1392330000000004
470,FRA,2003-Q4,1.172085,2.149633
471,FRA,2004-Q1,0.9915844000000001,2.062967
472,FRA,2004-Q2,0.6373342,2.082467
473,FRA,2004-Q3,0.2316984,2.1163
474,FRA,2004-Q4,-0.0763673,2.1636
475,FRA,2005-Q1,0.07324308,2.140333
476,FRA,2005-Q2,-0.11119460000000002,2.1246
477,FRA,2005-Q3,0.1351123,2.1303330000000003
478,FRA,2005-Q4,-0.16803379999999998,2.343467
479,FRA,2006-Q1,0.21968400000000002,2.611567
480,FRA,2006-Q2,-0.258214,2.8895
481,FRA,2006-Q3,0.1510866,3.221367
482,FRA,2006-Q4,0.03213295,3.594467
483,FRA,2007-Q1,0.31390450000000003,3.820333
484,FRA,2007-Q2,-0.1692507,4.064833
485,FRA,2007-Q3,-0.5100114,4.5005
486,FRA,2007-Q4,-0.8120974,4.724767
487,FRA,2008-Q1,-1.012142,4.48
488,FRA,2008-Q2,-1.043831,4.860466000000001
489,FRA,2008-Q3,-1.0210299999999999,4.9818
490,FRA,2008-Q4,-0.7534989000000001,4.2146669999999995
491,FRA,2009-Q1,-1.328856,2.0117
492,FRA,2009-Q2,-1.148643,1.310633
493,FRA,2009-Q3,-0.488469,0.8692
494,FRA,2009-Q4,-0.3667009,0.7219
495,FRA,2010-Q1,-1.346449,0.6621667
496,FRA,2010-Q2,-1.1833639999999999,0.6862666999999999
497,FRA,2010-Q3,-0.6800031,0.8749334000000001
498,FRA,2010-Q4,-0.1606625,1.020467
499,FRA,2011-Q1,-1.5517729999999998,1.093133
500,FRA,2011-Q2,-1.7918779999999999,1.411633
501,FRA,2011-Q3,-0.9130224,1.562067
502,FRA,2011-Q4,0.2837436,1.495567
503,FRA,2012-Q1,-1.2909540000000002,1.043
504,FRA,2012-Q2,-1.6389189999999998,0.6960334
505,FRA,2012-Q3,-1.168301,0.3585667
506,FRA,2012-Q4,-0.7810308000000001,0.19513329999999998
507,FRA,2013-Q1,-0.6391136,0.21146669999999998
508,FRA,2013-Q2,-0.7348733000000001,0.2068
509,FRA,2013-Q3,-1.414743,0.2235
510,FRA,2013-Q4,-0.7006754,0.2409
511,FRA,2014-Q1,-1.203591,0.2951333
512,FRA,2014-Q2,-1.9773900000000002,0.2985667
513,FRA,2014-Q3,-1.167124,0.1645667
514,FRA,2014-Q4,-0.7178114999999999,0.08146667
515,FRA,2015-Q1,0.06766342,0.04603333
516,FRA,2015-Q2,0.1157392,-0.006533334
517,FRA,2015-Q3,-0.4131431,-0.0278
518,FRA,2015-Q4,-1.23327,-0.08916666
519,FRA,2016-Q1,-0.47450990000000004,-0.1860667
520,FRA,2016-Q2,-0.7426888,-0.2581
521,FRA,2016-Q3,-0.7705574000000001,-0.2981
522,FRA,2016-Q4,-1.022297,-0.3125
523,FRA,2017-Q1,-1.195232,-0.3278
524,FRA,2017-Q2,-0.3872111,-0.3299667
525,FRA,2017-Q3,0.07588339999999999,-0.3296333
526,FRA,2017-Q4,-0.7920755,-0.3288
527,FRA,2018-Q1,-0.7834147,-0.3283
528,DEU,2001-Q1,-0.5612444000000001,4.745033
529,DEU,2001-Q2,-1.483755,4.590766
530,DEU,2001-Q3,-0.12346960000000001,4.267833
531,DEU,2001-Q4,0.7059300999999999,3.4435
532,DEU,2002-Q1,1.310908,3.3622330000000002
533,DEU,2002-Q2,1.665723,3.446
534,DEU,2002-Q3,2.557982,3.357333
535,DEU,2002-Q4,1.9854060000000002,3.1088
536,DEU,2003-Q1,1.056043,2.6831
537,DEU,2003-Q2,0.4480625,2.3619
538,DEU,2003-Q3,1.9192790000000002,2.1392330000000004
539,DEU,2003-Q4,2.1989,2.149633
540,DEU,2004-Q1,4.551782,2.062967
541,DEU,2004-Q2,4.835344,2.082467
542,DEU,2004-Q3,3.9960190000000004,2.1163
543,DEU,2004-Q4,4.502187,2.1636
544,DEU,2005-Q1,4.6269730000000004,2.140333
545,DEU,2005-Q2,4.961151,2.1246
546,DEU,2005-Q3,4.573385,2.1303330000000003
547,DEU,2005-Q4,4.250369,2.343467
548,DEU,2006-Q1,5.333956,2.611567
549,DEU,2006-Q2,4.941259,2.8895
550,DEU,2006-Q3,5.369011,3.221367
551,DEU,2006-Q4,7.036035000000001,3.594467
552,DEU,2007-Q1,7.186475,3.820333
553,DEU,2007-Q2,6.616233,4.064833
554,DEU,2007-Q3,6.454403,4.5005
555,DEU,2007-Q4,6.714411,4.724767
556,DEU,2008-Q1,6.340742,4.48
557,DEU,2008-Q2,6.960379,4.860466000000001
558,DEU,2008-Q3,4.6385819999999995,4.9818
559,DEU,2008-Q4,4.442819,4.2146669999999995
560,DEU,2009-Q1,5.146003,2.0117
561,DEU,2009-Q2,5.0172360000000005,1.310633
562,DEU,2009-Q3,5.858295,0.8692
563,DEU,2009-Q4,6.926532000000001,0.7219
564,DEU,2010-Q1,5.649779,0.6621667
565,DEU,2010-Q2,5.455204,0.6862666999999999
566,DEU,2010-Q3,5.272021,0.8749334000000001
567,DEU,2010-Q4,6.125832,1.020467
568,DEU,2011-Q1,6.529306,1.093133
569,DEU,2011-Q2,5.583976,1.411633
570,DEU,2011-Q3,6.053543,1.562067
571,DEU,2011-Q4,6.295498,1.495567
572,DEU,2012-Q1,7.507092,1.043
573,DEU,2012-Q2,6.987707,0.6960334
574,DEU,2012-Q3,7.071955,0.3585667
575,DEU,2012-Q4,6.500430000000001,0.19513329999999998
576,DEU,2013-Q1,6.104299,0.21146669999999998
577,DEU,2013-Q2,7.509752000000001,0.2068
578,DEU,2013-Q3,6.109242,0.2235
579,DEU,2013-Q4,7.128181,0.2409
580,DEU,2014-Q1,7.395045,0.2951333
581,DEU,2014-Q2,6.876525999999999,0.2985667
582,DEU,2014-Q3,7.745131,0.1645667
583,DEU,2014-Q4,7.794873,0.08146667
584,DEU,2015-Q1,8.471434,0.04603333
585,DEU,2015-Q2,8.905121000000001,-0.006533334
586,DEU,2015-Q3,9.508106,-0.0278
587,DEU,2015-Q4,8.808975,-0.08916666
588,DEU,2016-Q1,8.131294,-0.1860667
589,DEU,2016-Q2,10.217189999999999,-0.2581
590,DEU,2016-Q3,8.13413,-0.2981
591,DEU,2016-Q4,7.784367,-0.3125
592,DEU,2017-Q1,8.69938,-0.3278
593,DEU,2017-Q2,7.569263,-0.3299667
594,DEU,2017-Q3,8.099821,-0.3296333
595,DEU,2017-Q4,7.772734,-0.3288
596,DEU,2018-Q1,7.9715300000000004,-0.3283
597,GRC,2002-Q1,-6.563806,3.3622330000000002
598,GRC,2002-Q2,-6.75558,3.446
599,GRC,2002-Q3,-5.966888,3.357333
600,GRC,2002-Q4,-7.962613,3.1088
601,GRC,2003-Q1,-8.926779,2.6831
602,GRC,2003-Q2,-8.459473,2.3619
603,GRC,2003-Q3,-7.859792,2.1392330000000004
604,GRC,2003-Q4,-8.612824,2.149633
605,GRC,2004-Q1,-7.360372999999999,2.062967
606,GRC,2004-Q2,-9.451562,2.082467
607,GRC,2004-Q3,-6.631127,2.1163
608,GRC,2004-Q4,-7.465202000000001,2.1636
609,GRC,2005-Q1,-9.193793,2.140333
610,GRC,2005-Q2,-7.331233999999999,2.1246
611,GRC,2005-Q3,-8.614582,2.1303330000000003
612,GRC,2005-Q4,-10.281039999999999,2.343467
613,GRC,2006-Q1,-10.91665,2.611567
614,GRC,2006-Q2,-11.88147,2.8895
615,GRC,2006-Q3,-11.05984,3.221367
616,GRC,2006-Q4,-12.02258,3.594467
617,GRC,2007-Q1,-16.34839,3.820333
618,GRC,2007-Q2,-13.507470000000001,4.064833
619,GRC,2007-Q3,-14.019829999999999,4.5005
620,GRC,2007-Q4,-16.92101,4.724767
621,GRC,2008-Q1,-15.02697,4.48
622,GRC,2008-Q2,-15.99395,4.860466000000001
623,GRC,2008-Q3,-15.413860000000001,4.9818
624,GRC,2008-Q4,-14.0248,4.2146669999999995
625,GRC,2009-Q1,-12.28238,2.0117
626,GRC,2009-Q2,-12.04655,1.310633
627,GRC,2009-Q3,-12.15028,0.8692
628,GRC,2009-Q4,-12.87926,0.7219
629,GRC,2010-Q1,-16.471120000000003,0.6621667
630,GRC,2010-Q2,-8.579738,0.6862666999999999
631,GRC,2010-Q3,-10.291960000000001,0.8749334000000001
632,GRC,2010-Q4,-10.46378,1.020467
633,GRC,2011-Q1,-11.16677,1.093133
634,GRC,2011-Q2,-11.21372,1.411633
635,GRC,2011-Q3,-9.641637,1.562067
636,GRC,2011-Q4,-8.024526,1.495567
637,GRC,2012-Q1,-8.129854,1.043
638,GRC,2012-Q2,-3.866282,0.6960334
639,GRC,2012-Q3,-0.9196969000000002,0.3585667
640,GRC,2012-Q4,-2.7680130000000003,0.19513329999999998
641,GRC,2013-Q1,-5.644255,0.21146669999999998
642,GRC,2013-Q2,-2.9659419999999996,0.2068
643,GRC,2013-Q3,1.807243,0.2235
644,GRC,2013-Q4,-1.791738,0.2409
645,GRC,2014-Q1,-0.15855160000000001,0.2951333
646,GRC,2014-Q2,-2.7312529999999997,0.2985667
647,GRC,2014-Q3,-0.6724809,0.1645667
648,GRC,2014-Q4,-2.907274,0.08146667
649,GRC,2015-Q1,-2.014856,0.04603333
650,GRC,2015-Q2,-2.476044,-0.006533334
651,GRC,2015-Q3,3.574128,-0.0278
652,GRC,2015-Q4,-0.3246982,-0.08916666
653,GRC,2016-Q1,-1.050873,-0.1860667
654,GRC,2016-Q2,-1.039172,-0.2581
655,GRC,2016-Q3,-0.008431923000000001,-0.2981
656,GRC,2016-Q4,-2.259651,-0.3125
657,GRC,2017-Q1,-0.4576349,-0.3278
658,GRC,2017-Q2,-0.1543205,-0.3299667
659,GRC,2017-Q3,-0.3720236,-0.3296333
660,GRC,2017-Q4,-2.189804,-0.3288
661,GRC,2018-Q1,0.05236283,-0.3283
662,HUN,2001-Q1,-6.687127,11.16333
663,HUN,2001-Q2,-7.09173,11.09667
664,HUN,2001-Q3,-4.136085,10.94
665,HUN,2001-Q4,-5.534486,10.26667
666,HUN,2002-Q1,-5.55056,8.7
667,HUN,2002-Q2,-5.139771,8.89
668,HUN,2002-Q3,-5.569175,9.836667
669,HUN,2002-Q4,-8.796606,9.406667
670,HUN,2003-Q1,-7.420682000000001,6.21
671,HUN,2003-Q2,-8.832018,6.98
672,HUN,2003-Q3,-8.268411,9.66
673,HUN,2003-Q4,-7.440697999999999,11.09333
674,HUN,2004-Q1,-6.4799,12.46667
675,HUN,2005-Q2,-7.053678999999999,7.475
676,HUN,2005-Q3,-7.802371000000001,6.1666669999999995
677,HUN,2005-Q4,-5.752478,6.186666000000001
678,HUN,2006-Q3,-7.717882,7.2945649999999995
679,HUN,2006-Q4,-5.7198199999999995,8.2
680,HUN,2007-Q1,-7.177647,8.125
681,HUN,2007-Q2,-7.78608,8.108334
682,HUN,2007-Q3,-7.5430589999999995,7.806139
683,HUN,2007-Q4,-5.875566,7.580610000000001
684,HUN,2008-Q1,-6.828146,7.996052000000001
685,HUN,2008-Q2,-5.1992910000000006,8.602592
686,HUN,2008-Q3,-8.654608999999999,8.645283000000001
687,HUN,2008-Q4,-7.170763000000001,10.49192
688,HUN,2009-Q2,-0.2022481,10.475999999999999
689,HUN,2009-Q3,-0.692214,9.262235
690,HUN,2009-Q4,0.6472996,7.457451
691,HUN,2010-Q1,-0.3542916,6.673267
692,HUN,2010-Q2,1.203554,5.9329
693,HUN,2010-Q3,0.16870320000000003,6.132267
694,HUN,2010-Q4,0.18252979999999996,5.979233
695,HUN,2011-Q1,0.3648034,6.567111
696,HUN,2011-Q2,0.8592989999999999,6.409301
697,HUN,2011-Q3,0.38199079999999996,6.68475
698,HUN,2011-Q4,1.433933,6.642867
699,HUN,2012-Q1,0.7857062,8.689
700,HUN,2012-Q2,3.013372,8.20685
701,HUN,2012-Q3,2.7160040000000003,7.88635
702,HUN,2013-Q2,2.918514,4.586233
703,HUN,2013-Q3,4.342337000000001,4.13965
704,HUN,2013-Q4,4.267713,3.3103
705,HUN,2014-Q1,0.09039818,3.075567
706,HUN,2014-Q2,-0.6288056,2.7816669999999997
707,HUN,2014-Q3,2.447689,2.112833
708,HUN,2014-Q4,3.9637559999999996,2.004167
709,HUN,2015-Q1,5.055404,1.883933
710,HUN,2015-Q2,1.8964860000000001,1.546367
711,HUN,2015-Q3,1.74545,1.229867
712,HUN,2015-Q4,4.831034,1.305
713,HUN,2016-Q1,5.752457,1.236767
714,HUN,2016-Q2,6.46499,1.0295
715,HUN,2016-Q3,6.076635,0.8131666999999999
716,HUN,2016-Q4,5.750986,0.7298333
717,HUN,2017-Q1,2.787189,0.2895667
718,HUN,2017-Q2,4.414015,0.2380667
719,HUN,2017-Q3,1.0304200000000001,0.2930667
720,HUN,2017-Q4,3.590446,0.05493333
721,HUN,2018-Q1,2.706685,0.03643333
722,ISL,2001-Q1,-11.63032,11.70933
723,ISL,2001-Q2,-5.038131,12.25867
724,ISL,2001-Q3,-6.239902,12.014330000000001
725,ISL,2001-Q4,4.360744,11.96767
726,ISL,2002-Q1,-0.8696110999999999,12.10967
727,ISL,2002-Q2,1.019169,9.628333
728,ISL,2002-Q3,2.31032,7.787667
729,ISL,2002-Q4,2.050174,6.371666
730,ISL,2003-Q1,-0.02746465,5.779667
731,ISL,2003-Q2,-5.0906769999999995,5.2706669999999995
732,ISL,2003-Q3,-6.971214999999999,5.249333
733,ISL,2003-Q4,-7.738199000000001,5.1
734,ISL,2004-Q1,-7.068653,5.228333
735,ISL,2004-Q2,-9.462552,5.700667
736,ISL,2004-Q3,-8.28358,6.546
737,ISL,2004-Q4,-14.26193,7.678667
738,ISL,2005-Q1,-14.457020000000002,8.774666999999999
739,ISL,2005-Q2,-9.841887,9.228
740,ISL,2005-Q3,-17.3499,9.347000000000001
741,ISL,2005-Q4,-21.552329999999998,10.08533
742,ISL,2006-Q1,-21.79715,10.379669999999999
743,ISL,2006-Q2,-21.5465,11.84067
744,ISL,2006-Q3,-24.82524,12.98667
745,ISL,2006-Q4,-24.78267,14.209670000000001
746,ISL,2007-Q1,-19.53181,14.871670000000002
747,ISL,2007-Q2,-23.456039999999998,13.923
748,ISL,2007-Q3,0.1130006,14.207
749,ISL,2007-Q4,-13.49857,14.161
750,ISL,2008-Q1,-19.62204,14.015999999999998
751,ISL,2008-Q2,-32.268879999999996,15.81
752,ISL,2008-Q3,-30.1613,16.086
753,ISL,2008-Q4,-9.514899,17.383329999999997
754,ISL,2009-Q1,-15.83112,17.96
755,ISL,2009-Q2,-6.370692,10.42333
756,ISL,2009-Q3,-14.961120000000001,8.166667
757,ISL,2009-Q4,-1.792586,8.576667
758,ISL,2010-Q1,0.09286325,8.253333
759,ISL,2010-Q2,-13.71844,7.633333
760,ISL,2010-Q3,-3.240367,6.453333
761,ISL,2010-Q4,-9.144048,4.816667
762,ISL,2011-Q1,-5.565818,4.04
763,ISL,2011-Q2,-8.357556,4.0
764,ISL,2011-Q3,-0.9622238000000001,4.276667
765,ISL,2011-Q4,-6.239173,4.71
766,ISL,2012-Q1,-6.4826239999999995,4.823333
767,ISL,2012-Q2,-12.531419999999999,5.386667
768,ISL,2012-Q3,2.722862,5.75
769,ISL,2012-Q4,0.2204745,6.093333
770,ISL,2013-Q1,6.115559999999999,6.153333
771,ISL,2013-Q2,1.5972879999999998,6.2
772,ISL,2013-Q3,7.409657000000001,6.2
773,ISL,2013-Q4,8.496409,6.2
774,ISL,2014-Q1,1.8461020000000001,6.19
775,ISL,2014-Q2,2.237476,6.063333999999999
776,ISL,2014-Q3,2.55242,6.1
777,ISL,2014-Q4,9.063665,5.856667
778,ISL,2015-Q1,4.48065,5.373333000000001
779,ISL,2015-Q2,6.838911,5.496666
780,ISL,2015-Q3,3.250159,6.17
781,ISL,2015-Q4,6.529943,6.526667
782,ISL,2016-Q1,4.460895,6.55
783,ISL,2016-Q2,7.0514339999999995,6.55
784,ISL,2016-Q3,8.447161999999999,6.34
785,ISL,2016-Q4,10.485999999999999,5.9
786,ISL,2017-Q1,4.200941,5.513333
787,ISL,2017-Q2,2.7632220000000003,5.286667
788,ISL,2017-Q3,2.793798,4.9
789,ISL,2017-Q4,3.849889,4.656667
790,ISL,2018-Q1,2.213012,4.65
791,IRL,2002-Q1,0.9601960999999999,3.3622330000000002
792,IRL,2002-Q2,-1.4316659999999999,3.446
793,IRL,2002-Q3,0.16866070000000002,3.357333
794,IRL,2002-Q4,1.25806,3.1088
795,IRL,2003-Q1,0.09188117,2.6831
796,IRL,2003-Q2,1.653818,2.3619
797,IRL,2003-Q3,-0.4524642,2.1392330000000004
798,IRL,2003-Q4,0.666752,2.149633
799,IRL,2004-Q1,0.9528421999999999,2.062967
800,IRL,2004-Q2,0.9942633,2.082467
801,IRL,2004-Q3,-1.486932,2.1163
802,IRL,2004-Q4,-0.7964236,2.1636
803,IRL,2005-Q1,-2.1472689999999997,2.140333
804,IRL,2005-Q2,-1.279722,2.1246
805,IRL,2005-Q3,-7.168092999999999,2.1303330000000003
806,IRL,2005-Q4,-3.503431,2.343467
807,IRL,2006-Q1,-6.0695440000000005,2.611567
808,IRL,2006-Q2,-4.328233999999999,2.8895
809,IRL,2006-Q3,-5.57025,3.221367
810,IRL,2006-Q4,-5.432272,3.594467
811,IRL,2007-Q1,-6.310186,3.820333
812,IRL,2007-Q2,-6.092316,4.064833
813,IRL,2007-Q3,-7.646329,4.5005
814,IRL,2007-Q4,-6.002816,4.724767
815,IRL,2008-Q1,-8.618423,4.48
816,IRL,2008-Q2,-8.149127,4.860466000000001
817,IRL,2008-Q3,-6.4673940000000005,4.9818
818,IRL,2008-Q4,-4.266075,4.2146669999999995
819,IRL,2009-Q1,-6.557105,2.0117
820,IRL,2009-Q2,-5.454988,1.310633
821,IRL,2009-Q3,-4.810022,0.8692
822,IRL,2009-Q4,-5.477708,0.7219
823,IRL,2010-Q1,-2.882344,0.6621667
824,IRL,2010-Q2,-1.96525,0.6862666999999999
825,IRL,2010-Q3,-0.2948672,0.8749334000000001
826,IRL,2010-Q4,-2.811674,1.020467
827,IRL,2011-Q1,-2.637781,1.093133
828,IRL,2011-Q2,-1.672405,1.411633
829,IRL,2011-Q3,-2.5267009999999996,1.562067
830,IRL,2011-Q4,-2.676483,1.495567
831,IRL,2012-Q1,-4.347286,1.043
832,IRL,2012-Q2,-3.6730089999999995,0.6960334
833,IRL,2012-Q3,-2.347126,0.3585667
834,IRL,2012-Q4,-0.15511529999999998,0.19513329999999998
835,IRL,2013-Q1,-1.090875,0.21146669999999998
836,IRL,2013-Q2,3.6723980000000003,0.2068
837,IRL,2013-Q3,2.715855,0.2235
838,IRL,2013-Q4,3.169404,0.2409
839,IRL,2014-Q1,-3.1476439999999997,0.2951333
840,IRL,2014-Q2,5.866411,0.2985667
841,IRL,2014-Q3,2.690586,0.1645667
842,IRL,2014-Q4,0.9471593,0.08146667
843,IRL,2015-Q1,3.4318760000000004,0.04603333
844,IRL,2015-Q2,12.30734,-0.006533334
845,IRL,2015-Q3,11.667119999999999,-0.0278
846,IRL,2015-Q4,16.120420000000003,-0.08916666
847,IRL,2016-Q1,10.20327,-0.1860667
848,IRL,2016-Q2,-2.518375,-0.2581
849,IRL,2016-Q3,1.568724,-0.2981
850,IRL,2016-Q4,6.2763349999999996,-0.3125
851,IRL,2017-Q1,9.836613999999999,-0.3278
852,IRL,2017-Q2,0.4948158,-0.3299667
853,IRL,2017-Q3,19.02277,-0.3296333
854,IRL,2017-Q4,20.06169,-0.3288
855,ITA,2001-Q1,0.7904734999999999,4.745033
856,ITA,2001-Q2,0.158276,4.590766
857,ITA,2001-Q3,-0.05649321,4.267833
858,ITA,2001-Q4,1.2047370000000002,3.4435
859,ITA,2002-Q1,0.5547689,3.3622330000000002
860,ITA,2002-Q2,-0.3173267,3.446
861,ITA,2002-Q3,-0.3452829,3.357333
862,ITA,2002-Q4,-0.9503927,3.1088
863,ITA,2003-Q1,-1.05816,2.6831
864,ITA,2003-Q2,-1.27033,2.3619
865,ITA,2003-Q3,-0.35488309999999995,2.1392330000000004
866,ITA,2003-Q4,0.22278160000000002,2.149633
867,ITA,2004-Q1,0.01959837,2.062967
868,ITA,2004-Q2,-0.41518879999999997,2.082467
869,ITA,2004-Q3,-0.007635951,2.1163
870,ITA,2004-Q4,-0.9704771999999999,2.1636
871,ITA,2005-Q1,-0.9370273000000001,2.140333
872,ITA,2005-Q2,-0.5412695,2.1246
873,ITA,2005-Q3,-1.1283379999999998,2.1303330000000003
874,ITA,2005-Q4,-0.989031,2.343467
875,ITA,2006-Q1,-1.813741,2.611567
876,ITA,2006-Q2,-1.163621,2.8895
877,ITA,2006-Q3,-1.703063,3.221367
878,ITA,2006-Q4,-1.331468,3.594467
879,ITA,2007-Q1,-1.091821,3.820333
880,ITA,2007-Q2,-1.037199,4.064833
881,ITA,2007-Q3,-1.095409,4.5005
882,ITA,2007-Q4,-2.314702,4.724767
883,ITA,2008-Q1,-2.458882,4.48
884,ITA,2008-Q2,-1.581181,4.860466000000001
885,ITA,2008-Q3,-3.1798740000000003,4.9818
886,ITA,2008-Q4,-4.088498,4.2146669999999995
887,ITA,2009-Q1,-2.0235090000000002,2.0117
888,ITA,2009-Q2,-1.9544689999999998,1.310633
889,ITA,2009-Q3,-1.624373,0.8692
890,ITA,2009-Q4,-1.961053,0.7219
891,ITA,2010-Q1,-2.847252,0.6621667
892,ITA,2010-Q2,-3.1752130000000003,0.6862666999999999
893,ITA,2010-Q3,-3.2485630000000003,0.8749334000000001
894,ITA,2010-Q4,-4.370696,1.020467
895,ITA,2011-Q1,-3.852278,1.093133
896,ITA,2011-Q2,-3.136652,1.411633
897,ITA,2011-Q3,-2.692052,1.562067
898,ITA,2011-Q4,-2.298474,1.495567
899,ITA,2012-Q1,-1.4333799999999999,1.043
900,ITA,2012-Q2,-0.266937,0.6960334
901,ITA,2012-Q3,0.0050032390000000005,0.3585667
902,ITA,2012-Q4,0.359209,0.19513329999999998
903,ITA,2013-Q1,0.42012029999999995,0.21146669999999998
904,ITA,2013-Q2,1.155367,0.2068
905,ITA,2013-Q3,1.0012809999999999,0.2235
906,ITA,2013-Q4,1.417262,0.2409
907,ITA,2014-Q1,1.639015,0.2951333
908,ITA,2014-Q2,1.569605,0.2985667
909,ITA,2014-Q3,1.9762830000000002,0.1645667
910,ITA,2014-Q4,2.478304,0.08146667
911,ITA,2015-Q1,0.9668950999999999,0.04603333
912,ITA,2015-Q2,1.245875,-0.006533334
913,ITA,2015-Q3,1.764993,-0.0278
914,ITA,2015-Q4,2.068526,-0.08916666
915,ITA,2016-Q1,1.9738380000000002,-0.1860667
916,ITA,2016-Q2,3.083768,-0.2581
917,ITA,2016-Q3,2.800969,-0.2981
918,ITA,2016-Q4,2.383889,-0.3125
919,ITA,2017-Q1,2.919738,-0.3278
920,ITA,2017-Q2,2.4186970000000003,-0.3299667
921,ITA,2017-Q3,2.911078,-0.3296333
922,ITA,2017-Q4,2.759171,-0.3288
923,ITA,2018-Q1,2.676428,-0.3283
924,JPN,2002-Q2,2.7183040000000003,0.09
925,JPN,2002-Q3,2.482411,0.08
926,JPN,2002-Q4,2.555187,0.08666667
927,JPN,2003-Q1,2.483101,0.09
928,JPN,2003-Q2,3.1564330000000003,0.08333334
929,JPN,2003-Q3,3.409567,0.09
930,JPN,2003-Q4,3.423547,0.09
931,JPN,2004-Q1,3.7843410000000004,0.08666667
932,JPN,2004-Q2,3.960984,0.08333334
933,JPN,2004-Q3,3.7401690000000003,0.09
934,JPN,2004-Q4,3.648139,0.09333333
935,JPN,2005-Q1,3.428921,0.09333333
936,JPN,2005-Q2,3.5420279999999997,0.08333334
937,JPN,2005-Q3,3.383087,0.09
938,JPN,2005-Q4,3.950154,0.09333333
939,JPN,2006-Q1,3.8751510000000002,0.1130333
940,JPN,2006-Q2,3.550711,0.2533333
941,JPN,2006-Q3,3.693594,0.436
942,JPN,2006-Q4,4.403789,0.4963333
943,JPN,2007-Q1,4.743603,0.62
944,JPN,2007-Q2,4.670173,0.6833333
945,JPN,2007-Q3,4.629512999999999,0.82
946,JPN,2007-Q4,4.8062830000000005,0.86
947,JPN,2008-Q1,4.351422,0.8466667
948,JPN,2008-Q2,2.966112,0.8466667
949,JPN,2008-Q3,2.2628459999999997,0.8566666999999999
950,JPN,2008-Q4,1.729011,0.8366665999999999
951,JPN,2009-Q1,1.5759319999999999,0.6933333
952,JPN,2009-Q2,2.82762,0.5766667
953,JPN,2009-Q3,2.912983,0.5433334
954,JPN,2009-Q4,3.8209910000000002,0.5
955,JPN,2010-Q1,4.000712999999999,0.44
956,JPN,2010-Q2,3.642954,0.39
957,JPN,2010-Q3,3.771723,0.3633333
958,JPN,2010-Q4,4.063332,0.34
959,JPN,2011-Q1,3.1427810000000003,0.3387167
960,JPN,2011-Q2,1.60846,0.33238
961,JPN,2011-Q3,2.052797,0.33
962,JPN,2011-Q4,1.533482,0.32929
963,JPN,2012-Q1,1.356425,0.33137
964,JPN,2012-Q2,1.036934,0.33263000000000004
965,JPN,2012-Q3,0.6023837,0.32727
966,JPN,2012-Q4,1.030733,0.31757329999999995
967,JPN,2013-Q1,0.7625576000000001,0.27030329999999997
968,JPN,2013-Q2,1.7846990000000003,0.22818000000000002
969,JPN,2013-Q3,0.758517,0.228
970,JPN,2013-Q4,0.2828332,0.2203333
971,JPN,2014-Q1,-0.739564,0.2146667
972,JPN,2014-Q2,0.8597224,0.21066669999999998
973,JPN,2014-Q3,0.6990598000000001,0.21
974,JPN,2014-Q4,2.3346400000000003,0.18433329999999998
975,JPN,2015-Q1,2.779137,0.1713333
976,JPN,2015-Q2,3.2102619999999997,0.1693333
977,JPN,2015-Q3,2.855555,0.16899999999999998
978,JPN,2015-Q4,3.5642660000000004,0.16899999999999998
979,JPN,2016-Q1,3.881646,0.12166669999999999
980,JPN,2016-Q2,3.8722,0.05966667
981,JPN,2016-Q3,3.618904,0.05733333
982,JPN,2016-Q4,3.9068730000000005,0.055999999999999994
983,JPN,2017-Q1,3.967021,0.055999999999999994
984,JPN,2017-Q2,3.661458,0.055999999999999994
985,JPN,2017-Q3,4.225029,0.06233333
986,JPN,2017-Q4,4.280375,0.063
987,JPN,2018-Q1,3.361636,0.07766667
988,KOR,2001-Q1,1.760825,5.946667
989,KOR,2001-Q2,1.444798,5.78
990,KOR,2001-Q3,-0.5781195,4.966667
991,KOR,2001-Q4,-0.5500805000000001,4.576667
992,KOR,2002-Q1,1.498305,4.656667
993,KOR,2002-Q2,0.6704380999999999,4.816667
994,KOR,2002-Q3,0.4930960999999999,4.84
995,KOR,2002-Q4,0.49971309999999997,4.906667
996,KOR,2003-Q1,-0.5739101,4.6666669999999995
997,KOR,2003-Q2,0.730484,4.43
998,KOR,2003-Q3,2.852072,3.96
999,KOR,2003-Q4,3.765945,4.1666669999999995
1000,KOR,2004-Q1,4.248075,4.09
1001,KOR,2004-Q2,4.608423,3.9066669999999997
1002,KOR,2004-Q3,3.761904,3.71
1003,KOR,2004-Q4,3.002799,3.443333
1004,KOR,2005-Q1,2.749268,3.536667
1005,KOR,2005-Q2,1.052781,3.5133330000000003
1006,KOR,2005-Q3,0.7302917,3.57
1007,KOR,2005-Q4,1.14409,3.976667
1008,KOR,2006-Q1,-0.7811044,4.223333
1009,KOR,2006-Q2,0.635671,4.386667
1010,KOR,2006-Q3,-0.1776835,4.65
1011,KOR,2006-Q4,1.6462919999999999,4.643333
1012,KOR,2007-Q1,0.8659290000000001,4.936666000000001
1013,KOR,2007-Q2,-0.06640733,5.006667
1014,KOR,2007-Q3,3.016665,5.2
1015,KOR,2007-Q4,0.3782796,5.5
1016,KOR,2008-Q1,0.43521899999999997,5.446667
1017,KOR,2008-Q2,-1.056717,5.366667
1018,KOR,2008-Q3,-2.1644330000000003,5.693333
1019,KOR,2008-Q4,5.229757,5.443333
1020,KOR,2009-Q1,6.777989999999999,2.79
1021,KOR,2009-Q2,4.608771,2.413333
1022,KOR,2009-Q3,1.403058,2.51
1023,KOR,2009-Q4,2.655529,2.8
1024,KOR,2010-Q1,0.8614268,2.8633330000000004
1025,KOR,2010-Q2,4.490545,2.47
1026,KOR,2010-Q3,4.097075,2.623333
1027,KOR,2010-Q4,1.153525,2.73
1028,KOR,2011-Q1,0.3927015,3.1366669999999996
1029,KOR,2011-Q2,-0.7390161,3.463333
1030,KOR,2011-Q3,3.314397,3.586667
1031,KOR,2011-Q4,3.195447,3.563333
1032,KOR,2012-Q1,1.718539,3.54
1033,KOR,2012-Q2,3.403557,3.54
1034,KOR,2012-Q3,4.284186,3.2233330000000002
1035,KOR,2012-Q4,7.03522,2.8866669999999996
1036,KOR,2013-Q1,5.8148040000000005,2.833333
1037,KOR,2013-Q2,6.417186,2.7366669999999997
1038,KOR,2013-Q3,6.358868,2.666667
1039,KOR,2013-Q4,6.260316,2.6533330000000004
1040,KOR,2014-Q1,5.162669,2.65
1041,KOR,2014-Q2,6.229551,2.65
1042,KOR,2014-Q3,5.419989,2.505667
1043,KOR,2014-Q4,7.108351,2.16
1044,KOR,2015-Q1,7.998794,2.066667
1045,KOR,2015-Q2,7.113589999999999,1.77
1046,KOR,2015-Q3,7.929266999999999,1.63
1047,KOR,2015-Q4,7.605022,1.613333
1048,KOR,2016-Q1,8.987447,1.6466669999999999
1049,KOR,2016-Q2,7.489008999999999,1.54
1050,KOR,2016-Q3,5.909172,1.35
1051,KOR,2016-Q4,5.804198,1.436667
1052,KOR,2017-Q1,6.1591510000000005,1.49
1053,KOR,2017-Q2,4.43314,1.4
1054,KOR,2017-Q3,5.585105,1.386667
1055,KOR,2017-Q4,4.367128,1.496667
1056,KOR,2018-Q1,3.9084160000000003,1.6533330000000002
1057,LUX,2001-Q1,15.75499,4.745033
1058,LUX,2001-Q2,1.430161,4.590766
1059,LUX,2001-Q3,6.105814,4.267833
1060,LUX,2001-Q4,9.871274,3.4435
1061,LUX,2002-Q1,19.09766,3.3622330000000002
1062,LUX,2002-Q2,15.7934,3.446
1063,LUX,2002-Q3,-1.339446,3.357333
1064,LUX,2002-Q4,3.808707,3.1088
1065,LUX,2003-Q1,0.0005013401,2.6831
1066,LUX,2003-Q2,4.015714,2.3619
1067,LUX,2003-Q3,11.722480000000001,2.1392330000000004
1068,LUX,2003-Q4,9.876188,2.149633
1069,LUX,2004-Q1,15.04461,2.062967
1070,LUX,2004-Q2,6.876335000000001,2.082467
1071,LUX,2004-Q3,10.80903,2.1163
1072,LUX,2004-Q4,14.477829999999999,2.1636
1073,LUX,2005-Q1,9.917506,2.140333
1074,LUX,2005-Q2,10.05532,2.1246
1075,LUX,2005-Q3,13.53672,2.1303330000000003
1076,LUX,2005-Q4,10.37112,2.343467
1077,LUX,2006-Q1,8.25122,2.611567
1078,LUX,2006-Q2,10.31002,2.8895
1079,LUX,2006-Q3,11.39964,3.221367
1080,LUX,2006-Q4,9.646447,3.594467
1081,LUX,2007-Q1,7.501503,3.820333
1082,LUX,2007-Q2,11.68485,4.064833
1083,LUX,2007-Q3,9.208611,4.5005
1084,LUX,2007-Q4,10.45027,4.724767
1085,LUX,2008-Q1,-7.208844,4.48
1086,LUX,2008-Q2,-1.387829,4.860466000000001
1087,LUX,2008-Q3,15.302589999999999,4.9818
1088,LUX,2008-Q4,24.15375,4.2146669999999995
1089,LUX,2009-Q1,-3.0992439999999997,2.0117
1090,LUX,2009-Q2,3.861472,1.310633
1091,LUX,2009-Q3,10.5883,0.8692
1092,LUX,2009-Q4,17.11492,0.7219
1093,LUX,2010-Q1,7.15142,0.6621667
1094,LUX,2010-Q2,2.7633389999999998,0.6862666999999999
1095,LUX,2010-Q3,8.073238,0.8749334000000001
1096,LUX,2010-Q4,8.645025,1.020467
1097,LUX,2011-Q1,4.663365,1.093133
1098,LUX,2011-Q2,6.751871,1.411633
1099,LUX,2011-Q3,3.9985190000000004,1.562067
1100,LUX,2011-Q4,8.784849000000001,1.495567
1101,LUX,2012-Q1,13.564039999999999,1.043
1102,LUX,2012-Q2,-2.42646,0.6960334
1103,LUX,2012-Q3,10.952860000000001,0.3585667
1104,LUX,2012-Q4,0.6833855,0.19513329999999998
1105,LUX,2013-Q1,-3.8753089999999997,0.21146669999999998
1106,LUX,2013-Q2,8.156092,0.2068
1107,LUX,2013-Q3,1.070724,0.2235
1108,LUX,2013-Q4,16.14963,0.2409
1109,LUX,2014-Q1,0.294795,0.2951333
1110,LUX,2014-Q2,13.47674,0.2985667
1111,LUX,2014-Q3,6.022765,0.1645667
1112,LUX,2014-Q4,1.188285,0.08146667
1113,LUX,2015-Q1,10.69265,0.04603333
1114,LUX,2015-Q2,-1.018243,-0.006533334
1115,LUX,2015-Q3,7.469353,-0.0278
1116,LUX,2015-Q4,3.200309,-0.08916666
1117,LUX,2016-Q1,2.075834,-0.1860667
1118,LUX,2016-Q2,8.230959,-0.2581
1119,LUX,2016-Q3,7.659522999999999,-0.2981
1120,LUX,2016-Q4,2.422079,-0.3125
1121,LUX,2017-Q1,3.033203,-0.3278
1122,LUX,2017-Q2,2.338461,-0.3299667
1123,LUX,2017-Q3,7.3360520000000005,-0.3296333
1124,LUX,2017-Q4,7.059166,-0.3288
1125,LUX,2018-Q1,8.923862,-0.3283
1126,MEX,2006-Q1,0.4440067,7.956666
1127,MEX,2006-Q2,-0.04798404,7.663333000000001
1128,MEX,2006-Q3,-0.9570576,7.516667
1129,MEX,2006-Q4,-0.9451311,7.623333000000001
1130,MEX,2007-Q1,-0.8421095,7.673333
1131,MEX,2007-Q2,-1.002627,7.753334
1132,MEX,2007-Q3,-1.414833,7.78
1133,MEX,2007-Q4,-0.5900385,7.93
1134,MEX,2008-Q1,-0.6131331,7.953333
1135,MEX,2008-Q2,-0.6850305,8.006667
1136,MEX,2008-Q3,-1.82708,8.646666999999999
1137,MEX,2008-Q4,-3.264673,8.803333
1138,MEX,2009-Q1,-0.3654539,7.936666000000001
1139,MEX,2009-Q2,0.4065601,5.776667
1140,MEX,2009-Q3,-2.3855169999999997,4.953333
1141,MEX,2009-Q4,-1.040548,5.05
1142,MEX,2010-Q1,-0.5758153,5.04
1143,MEX,2010-Q2,0.13366,5.026667
1144,MEX,2010-Q3,0.1668174,4.993333
1145,MEX,2010-Q4,-1.643334,4.94
1146,MEX,2011-Q1,-0.8040456,4.89
1147,MEX,2011-Q2,-0.5702136,4.883333
1148,MEX,2011-Q3,-1.460795,4.836666999999999
1149,MEX,2011-Q4,-1.427708,4.81
1150,MEX,2012-Q1,-0.6216264,4.796667
1151,MEX,2012-Q2,-0.49261279999999996,4.773333999999999
1152,MEX,2012-Q3,-2.1204240000000003,4.803333
1153,MEX,2012-Q4,-2.863198,4.853333
1154,MEX,2013-Q1,-1.595925,4.723333
1155,MEX,2013-Q2,-2.7546880000000002,4.323333
1156,MEX,2013-Q3,-2.389738,4.246666
1157,MEX,2013-Q4,-2.989466,3.85
1158,MEX,2014-Q1,-1.422051,3.8033330000000003
1159,MEX,2014-Q2,-2.3818919999999997,3.69
1160,MEX,2014-Q3,-1.389149,3.306667
1161,MEX,2014-Q4,-2.105513,3.3033330000000003
1162,MEX,2015-Q1,-1.8652259999999998,3.316667
1163,MEX,2015-Q2,-2.566728,3.31
1164,MEX,2015-Q3,-3.137598,3.3433330000000003
1165,MEX,2015-Q4,-2.637542,3.4
1166,MEX,2016-Q1,-2.038059,3.826667
1167,MEX,2016-Q2,-2.3542490000000003,4.156667
1168,MEX,2016-Q3,-2.2186220000000003,4.69
1169,MEX,2016-Q4,-2.029602,5.6
1170,MEX,2017-Q1,-2.535745,6.543334
1171,MEX,2017-Q2,-0.6001883000000001,7.096667
1172,MEX,2017-Q3,-1.847046,7.386667
1173,MEX,2017-Q4,-1.774548,7.456666
1174,MEX,2018-Q1,-1.560777,7.8
1175,NLD,2003-Q2,4.791288,2.3619
1176,NLD,2003-Q3,6.678452,2.1392330000000004
1177,NLD,2003-Q4,4.579586,2.149633
1178,NLD,2004-Q1,6.651555999999999,2.062967
1179,NLD,2004-Q2,7.394983,2.082467
1180,NLD,2004-Q3,7.717052000000001,2.1163
1181,NLD,2004-Q4,8.633937,2.1636
1182,NLD,2005-Q1,6.220544,2.140333
1183,NLD,2005-Q2,6.333977,2.1246
1184,NLD,2005-Q3,7.326208,2.1303330000000003
1185,NLD,2005-Q4,8.322086,2.343467
1186,NLD,2006-Q1,9.397798,2.611567
1187,NLD,2006-Q2,9.025927000000001,2.8895
1188,NLD,2006-Q3,9.403261,3.221367
1189,NLD,2006-Q4,8.559255,3.594467
1190,NLD,2007-Q1,6.423323,3.820333
1191,NLD,2007-Q2,6.8062759999999995,4.064833
1192,NLD,2007-Q3,6.289668,4.5005
1193,NLD,2007-Q4,8.040113999999999,4.724767
1194,NLD,2008-Q1,3.27967,4.48
1195,NLD,2008-Q2,4.925864,4.860466000000001
1196,NLD,2008-Q3,6.999811,4.9818
1197,NLD,2008-Q4,4.679318,4.2146669999999995
1198,NLD,2009-Q1,3.857271,2.0117
1199,NLD,2009-Q2,6.457798,1.310633
1200,NLD,2009-Q3,5.50893,0.8692
1201,NLD,2009-Q4,5.846841,0.7219
1202,NLD,2010-Q1,7.694945,0.6621667
1203,NLD,2010-Q2,6.52767,0.6862666999999999
1204,NLD,2010-Q3,7.452837,0.8749334000000001
1205,NLD,2010-Q4,6.208825,1.020467
1206,NLD,2011-Q1,7.266516,1.093133
1207,NLD,2011-Q2,7.717923,1.411633
1208,NLD,2011-Q3,9.645413000000001,1.562067
1209,NLD,2011-Q4,9.76367,1.495567
1210,NLD,2012-Q1,8.899747999999999,1.043
1211,NLD,2012-Q2,9.366060000000001,0.6960334
1212,NLD,2012-Q3,10.832139999999999,0.3585667
1213,NLD,2012-Q4,11.77367,0.19513329999999998
1214,NLD,2013-Q1,12.53523,0.21146669999999998
1215,NLD,2013-Q2,9.585434,0.2068
1216,NLD,2013-Q3,9.615817,0.2235
1217,NLD,2013-Q4,7.302141000000001,0.2409
1218,NLD,2014-Q1,9.680369,0.2951333
1219,NLD,2014-Q2,9.475224,0.2985667
1220,NLD,2014-Q3,8.837621,0.1645667
1221,NLD,2014-Q4,5.962473999999999,0.08146667
1222,NLD,2015-Q1,9.430060000000001,0.04603333
1223,NLD,2015-Q2,9.319192,-0.006533334
1224,NLD,2015-Q3,7.759659,-0.0278
1225,NLD,2015-Q4,7.890671,-0.08916666
1226,NLD,2016-Q1,7.876258999999999,-0.1860667
1227,NLD,2016-Q2,7.513561999999999,-0.2581
1228,NLD,2016-Q3,7.7633350000000005,-0.2981
1229,NLD,2016-Q4,10.39692,-0.3125
1230,NLD,2017-Q1,10.01091,-0.3278
1231,NLD,2017-Q2,9.167572999999999,-0.3299667
1232,NLD,2017-Q3,11.16517,-0.3296333
1233,NLD,2017-Q4,10.35041,-0.3288
1234,NZL,2001-Q1,-1.020675,6.42
1235,NZL,2001-Q2,0.1391172,5.86
1236,NZL,2001-Q3,-0.3142259,5.73
1237,NZL,2001-Q4,-2.024826,4.96
1238,NZL,2002-Q1,-3.307664,5.033333
1239,NZL,2002-Q2,-0.9285671,5.823333
1240,NZL,2002-Q3,-2.128038,5.91
1241,NZL,2002-Q4,-2.322091,5.9
1242,NZL,2003-Q1,-2.10078,5.83
1243,NZL,2003-Q2,-3.041662,5.446667
1244,NZL,2003-Q3,-2.180973,5.123333000000001
1245,NZL,2003-Q4,-2.446584,5.293334
1246,NZL,2004-Q1,-3.6082059999999996,5.493333
1247,NZL,2004-Q2,-3.161078,5.853333
1248,NZL,2004-Q3,-5.91964,6.443333
1249,NZL,2004-Q4,-5.508877,6.726666000000001
1250,NZL,2005-Q1,-5.920513,6.86
1251,NZL,2005-Q2,-7.138595,7.043334
1252,NZL,2005-Q3,-7.608776,7.05
1253,NZL,2005-Q4,-7.592916000000001,7.493333
1254,NZL,2006-Q1,-8.911491999999999,7.553333
1255,NZL,2006-Q2,-6.4933819999999995,7.476666000000001
1256,NZL,2006-Q3,-6.307947,7.51
1257,NZL,2006-Q4,-6.893867,7.643333
1258,NZL,2007-Q1,-7.2944,7.776667
1259,NZL,2007-Q2,-7.248647999999999,8.13
1260,NZL,2007-Q3,-6.985372999999999,8.656667
1261,NZL,2007-Q4,-5.697691000000001,8.77
1262,NZL,2008-Q1,-6.699549,8.826667
1263,NZL,2008-Q2,-8.967243,8.753333
1264,NZL,2008-Q3,-8.328184,8.203333
1265,NZL,2008-Q4,-6.708472,6.303333
1266,NZL,2009-Q1,-4.090479,3.673333
1267,NZL,2009-Q2,-0.6670314,2.9066669999999997
1268,NZL,2009-Q3,0.7145520000000001,2.773333
1269,NZL,2009-Q4,-5.0008230000000005,2.79
1270,NZL,2010-Q1,-0.9971653,2.726667
1271,NZL,2010-Q2,-1.789423,2.8833330000000004
1272,NZL,2010-Q3,-1.928795,3.22
1273,NZL,2010-Q4,-4.199465,3.173333
1274,NZL,2011-Q1,-3.197196,3.003333
1275,NZL,2011-Q2,-2.4008990000000003,2.6533330000000004
1276,NZL,2011-Q3,-3.197827,2.83
1277,NZL,2011-Q4,-2.412489,2.713333
1278,NZL,2012-Q1,-4.659231,2.7433330000000002
1279,NZL,2012-Q2,-4.128558,2.646667
1280,NZL,2012-Q3,-3.2538560000000003,2.65
1281,NZL,2012-Q4,-3.650582,2.646667
1282,NZL,2013-Q1,-3.583807,2.6533330000000004
1283,NZL,2013-Q2,-3.8669870000000004,2.643333
1284,NZL,2013-Q3,-3.5309660000000003,2.643333
1285,NZL,2013-Q4,-1.490228,2.686667
1286,NZL,2014-Q1,-1.433308,2.953333
1287,NZL,2014-Q2,-3.637456,3.38
1288,NZL,2014-Q3,-3.699587,3.69
1289,NZL,2014-Q4,-3.9676379999999996,3.673333
1290,NZL,2015-Q1,-3.049992,3.643333
1291,NZL,2015-Q2,-3.5440089999999995,3.496667
1292,NZL,2015-Q3,-2.369541,2.976667
1293,NZL,2015-Q4,-3.152364,2.8466669999999996
1294,NZL,2016-Q1,-1.89465,2.5933330000000003
1295,NZL,2016-Q2,-2.204744,2.3633330000000004
1296,NZL,2016-Q3,-2.9068549999999997,2.28
1297,NZL,2016-Q4,-2.044108,2.083333
1298,NZL,2017-Q1,-3.691997,1.9933330000000002
1299,NZL,2017-Q2,-2.1416619999999997,1.9666669999999997
1300,NZL,2017-Q3,-2.1031299999999997,1.9533330000000002
1301,NZL,2017-Q4,-2.7628880000000002,1.916667
1302,NZL,2018-Q1,-4.216176,1.906667
1303,NOR,2001-Q1,15.247829999999999,7.373333000000001
1304,NOR,2001-Q2,15.55393,7.45
1305,NOR,2001-Q3,17.22588,7.273333999999999
1306,NOR,2001-Q4,15.08823,6.81
1307,NOR,2002-Q1,12.673119999999999,6.536667
1308,NOR,2002-Q2,13.24935,6.93
1309,NOR,2002-Q3,11.3769,7.22
1310,NOR,2002-Q4,12.06332,6.943333
1311,NOR,2003-Q1,11.79135,5.723333
1312,NOR,2003-Q2,12.274560000000001,4.74
1313,NOR,2003-Q3,11.83025,3.1333330000000004
1314,NOR,2003-Q4,12.37438,2.796667
1315,NOR,2004-Q1,11.48208,2.036667
1316,NOR,2004-Q2,12.15445,1.9966669999999997
1317,NOR,2004-Q3,13.32903,2.0
1318,NOR,2004-Q4,12.55534,1.9933330000000002
1319,NOR,2005-Q1,16.725939999999998,1.9666669999999997
1320,NOR,2005-Q2,13.215760000000001,2.0933330000000003
1321,NOR,2005-Q3,16.50254,2.273333
1322,NOR,2005-Q4,19.28386,2.5133330000000003
1323,NOR,2006-Q1,14.98536,2.603333
1324,NOR,2006-Q2,17.95427,2.93
1325,NOR,2006-Q3,16.81079,3.23
1326,NOR,2006-Q4,15.5752,3.6333330000000004
1327,NOR,2007-Q1,10.95819,4.203333
1328,NOR,2007-Q2,10.641580000000001,4.63
1329,NOR,2007-Q3,14.178370000000001,5.193333
1330,NOR,2007-Q4,13.799579999999999,5.803333
1331,NOR,2008-Q1,16.03816,5.96
1332,NOR,2008-Q2,16.75978,6.396667
1333,NOR,2008-Q3,14.84104,6.603333
1334,NOR,2008-Q4,15.581129999999998,5.913333000000001
1335,NOR,2009-Q1,6.5250900000000005,3.45
1336,NOR,2009-Q2,13.0044,2.456667
1337,NOR,2009-Q3,10.76122,1.8933330000000002
1338,NOR,2009-Q4,12.56568,2.0533330000000003
1339,NOR,2010-Q1,12.24656,2.273333
1340,NOR,2010-Q2,10.923689999999999,2.52
1341,NOR,2010-Q3,9.839284,2.66
1342,NOR,2010-Q4,11.11177,2.5533330000000003
1343,NOR,2011-Q1,9.581547,2.606667
1344,NOR,2011-Q2,13.991370000000002,2.753333
1345,NOR,2011-Q3,13.24184,3.04
1346,NOR,2011-Q4,13.128060000000001,3.086667
1347,NOR,2012-Q1,14.38781,2.6
1348,NOR,2012-Q2,12.03646,2.326667
1349,NOR,2012-Q3,12.22545,2.11
1350,NOR,2012-Q4,11.750639999999999,1.9033330000000002
1351,NOR,2013-Q1,9.832521,1.869816
1352,NOR,2013-Q2,10.19744,1.7728709999999999
1353,NOR,2013-Q3,10.35404,1.7084169999999999
1354,NOR,2013-Q4,11.17582,1.669166
1355,NOR,2014-Q1,13.998320000000001,1.6852369999999999
1356,NOR,2014-Q2,11.24052,1.7917020000000001
1357,NOR,2014-Q3,10.12071,1.712836
1358,NOR,2014-Q4,13.07211,1.606384
1359,NOR,2015-Q1,8.143704,1.382698
1360,NOR,2015-Q2,8.717478999999999,1.436667
1361,NOR,2015-Q3,8.894101,1.21
1362,NOR,2015-Q4,6.101412,1.133333
1363,NOR,2016-Q1,4.346107,1.09
1364,NOR,2016-Q2,3.059511,0.9933333000000001
1365,NOR,2016-Q3,4.565988,1.06
1366,NOR,2016-Q4,7.499407000000001,1.123333
1367,NOR,2017-Q1,4.715733999999999,1.02
1368,NOR,2017-Q2,7.208015,0.9166667
1369,NOR,2017-Q3,5.138169,0.8133333
1370,NOR,2017-Q4,5.014473000000001,0.81
1371,NOR,2018-Q1,5.783269000000001,0.9466667
1372,POL,2004-Q1,-7.345022,5.483333
1373,POL,2004-Q2,-5.885975,5.966667
1374,POL,2004-Q3,-5.4257480000000005,6.773333999999999
1375,POL,2004-Q4,-3.3543839999999996,6.75
1376,POL,2005-Q1,-2.961933,6.276667
1377,POL,2005-Q2,-1.8644450000000001,5.31
1378,POL,2005-Q3,-3.3966800000000004,4.59
1379,POL,2005-Q4,-2.199995,4.616667
1380,POL,2006-Q1,-4.341130000000001,4.243333
1381,POL,2006-Q2,-3.076939,4.163333000000001
1382,POL,2006-Q3,-3.743641,4.196667
1383,POL,2006-Q4,-4.8037220000000005,4.2
1384,POL,2007-Q1,-6.375287999999999,4.216667
1385,POL,2007-Q2,-6.465957,4.428333
1386,POL,2007-Q3,-6.121373999999999,4.95
1387,POL,2007-Q4,-6.38707,5.483333
1388,POL,2008-Q1,-6.543417,5.913333000000001
1389,POL,2008-Q2,-6.773702,6.49
1390,POL,2008-Q3,-6.833328999999999,6.563333999999999
1391,POL,2008-Q4,-6.548557,6.43
1392,POL,2009-Q1,-3.659093,4.513333
1393,POL,2009-Q2,-3.7633650000000003,4.453333
1394,POL,2009-Q3,-4.173432,4.176667
1395,POL,2009-Q4,-4.224808,4.213333
1396,POL,2010-Q1,-5.032344999999999,4.146667
1397,POL,2010-Q2,-3.991543,3.8633330000000004
1398,POL,2010-Q3,-6.647869999999999,3.8233330000000003
1399,POL,2010-Q4,-5.834457,3.893333
1400,POL,2011-Q1,-4.3170839999999995,4.146667
1401,POL,2011-Q2,-5.655074,4.48
1402,POL,2011-Q3,-5.582173,4.73
1403,POL,2011-Q4,-5.256465,4.956666
1404,POL,2012-Q1,-5.076566000000001,4.968233000000001
1405,POL,2012-Q2,-3.40982,5.063333999999999
1406,POL,2012-Q3,-3.724616,5.023333999999999
1407,POL,2012-Q4,-2.662471,4.443333
1408,POL,2013-Q1,-1.954753,3.69
1409,POL,2013-Q2,-0.6153601,2.85
1410,POL,2013-Q3,-0.8300959000000001,2.69
1411,POL,2013-Q4,-1.688525,2.673333
1412,POL,2014-Q1,-2.684556,2.71
1413,POL,2014-Q2,-3.121669,2.706667
1414,POL,2014-Q3,-2.247325,2.5133330000000003
1415,POL,2014-Q4,-0.26314440000000006,2.0266669999999998
1416,POL,2015-Q1,-0.09527315,1.82
1417,POL,2015-Q2,-0.2056859,1.6833330000000002
1418,POL,2015-Q3,-2.4210119999999997,1.7233330000000002
1419,POL,2015-Q4,0.42950959999999994,1.7266669999999997
1420,POL,2016-Q1,-0.9721266,1.6833330000000002
1421,POL,2016-Q2,1.066659,1.686667
1422,POL,2016-Q3,-2.433267,1.71
1423,POL,2016-Q4,1.146876,1.7266669999999997
1424,POL,2017-Q1,0.44132570000000004,1.73
1425,POL,2017-Q2,-0.537441,1.73
1426,POL,2017-Q3,0.2787157,1.73
1427,POL,2017-Q4,0.6042219,1.7266669999999997
1428,POL,2018-Q1,-0.8936795,1.7133330000000002
1429,PRT,2001-Q1,-10.509030000000001,4.745033
1430,PRT,2001-Q2,-11.40294,4.590766
1431,PRT,2001-Q3,-10.57747,4.267833
1432,PRT,2001-Q4,-9.292397,3.4435
1433,PRT,2002-Q1,-8.743907,3.3622330000000002
1434,PRT,2002-Q2,-9.048217999999999,3.446
1435,PRT,2002-Q3,-8.618806,3.357333
1436,PRT,2002-Q4,-7.545978999999999,3.1088
1437,PRT,2003-Q1,-6.660769,2.6831
1438,PRT,2003-Q2,-7.166573,2.3619
1439,PRT,2003-Q3,-7.136806,2.1392330000000004
1440,PRT,2003-Q4,-7.686005000000001,2.149633
1441,PRT,2004-Q1,-7.424414,2.062967
1442,PRT,2004-Q2,-7.8718580000000005,2.082467
1443,PRT,2004-Q3,-8.370637,2.1163
1444,PRT,2004-Q4,-9.610441,2.1636
1445,PRT,2005-Q1,-9.544827,2.140333
1446,PRT,2005-Q2,-10.140260000000001,2.1246
1447,PRT,2005-Q3,-10.06282,2.1303330000000003
1448,PRT,2005-Q4,-9.775841,2.343467
1449,PRT,2006-Q1,-12.112860000000001,2.611567
1450,PRT,2006-Q2,-10.708210000000001,2.8895
1451,PRT,2006-Q3,-10.340869999999999,3.221367
1452,PRT,2006-Q4,-9.585459,3.594467
1453,PRT,2007-Q1,-8.270091,3.820333
1454,PRT,2007-Q2,-9.079239,4.064833
1455,PRT,2007-Q3,-10.12463,4.5005
1456,PRT,2007-Q4,-11.42447,4.724767
1457,PRT,2008-Q1,-10.96064,4.48
1458,PRT,2008-Q2,-12.22063,4.860466000000001
1459,PRT,2008-Q3,-13.558370000000002,4.9818
1460,PRT,2008-Q4,-11.75976,4.2146669999999995
1461,PRT,2009-Q1,-10.70607,2.0117
1462,PRT,2009-Q2,-9.067153,1.310633
1463,PRT,2009-Q3,-10.53102,0.8692
1464,PRT,2009-Q4,-11.36765,0.7219
1465,PRT,2010-Q1,-10.418660000000001,0.6621667
1466,PRT,2010-Q2,-10.68764,0.6862666999999999
1467,PRT,2010-Q3,-10.02543,0.8749334000000001
1468,PRT,2010-Q4,-9.463051,1.020467
1469,PRT,2011-Q1,-7.822388,1.093133
1470,PRT,2011-Q2,-7.909110000000001,1.411633
1471,PRT,2011-Q3,-5.026249,1.562067
1472,PRT,2011-Q4,-3.1509709999999997,1.495567
1473,PRT,2012-Q1,-4.572673,1.043
1474,PRT,2012-Q2,-1.0748090000000001,0.6960334
1475,PRT,2012-Q3,-0.9177188000000001,0.3585667
1476,PRT,2012-Q4,-0.5398495,0.19513329999999998
1477,PRT,2013-Q1,1.542651,0.21146669999999998
1478,PRT,2013-Q2,2.581627,0.2068
1479,PRT,2013-Q3,0.11450039999999999,0.2235
1480,PRT,2013-Q4,2.089261,0.2409
1481,PRT,2014-Q1,-0.02972035,0.2951333
1482,PRT,2014-Q2,1.142059,0.2985667
1483,PRT,2014-Q3,-0.3268344,0.1645667
1484,PRT,2014-Q4,-0.44899279999999997,0.08146667
1485,PRT,2015-Q1,0.6547341,0.04603333
1486,PRT,2015-Q2,-0.6754033,-0.006533334
1487,PRT,2015-Q3,0.7767218000000001,-0.0278
1488,PRT,2015-Q4,-0.2816007,-0.08916666
1489,PRT,2016-Q1,0.9092600000000001,-0.1860667
1490,PRT,2016-Q2,-0.23830170000000003,-0.2581
1491,PRT,2016-Q3,0.49408,-0.2981
1492,PRT,2016-Q4,1.196725,-0.3125
1493,PRT,2017-Q1,-0.2722116,-0.3278
1494,PRT,2017-Q2,0.1463349,-0.3299667
1495,PRT,2017-Q3,0.399395,-0.3296333
1496,PRT,2017-Q4,1.521755,-0.3288
1497,PRT,2018-Q1,0.334622,-0.3283
1498,SVK,2004-Q1,-6.727321000000001,5.473333
1499,SVK,2004-Q2,-8.506195,4.56
1500,SVK,2004-Q3,-10.08446,3.71
1501,SVK,2004-Q4,-5.25675,3.793333
1502,SVK,2005-Q1,-5.538769,2.663333
1503,SVK,2005-Q2,-10.59079,2.44
1504,SVK,2005-Q3,-5.047589,2.64
1505,SVK,2005-Q4,-11.81729,2.83
1506,SVK,2006-Q1,-8.94196,3.14
1507,SVK,2006-Q2,-6.6828270000000005,3.876667
1508,SVK,2006-Q3,-9.619437,4.65
1509,SVK,2006-Q4,-5.529515,4.663333000000001
1510,SVK,2007-Q1,-2.119759,4.21
1511,SVK,2007-Q2,-4.583752,3.786667
1512,SVK,2007-Q3,-5.738644,4.06
1513,SVK,2007-Q4,-8.218247,4.043334
1514,SVK,2008-Q1,-4.802892,4.003334
1515,SVK,2008-Q2,-8.809575,4.036667
1516,SVK,2008-Q3,-5.0448260000000005,4.013333
1517,SVK,2008-Q4,-6.223043,3.3633330000000004
1518,SVK,2009-Q1,-8.920900999999999,2.0117
1519,SVK,2009-Q2,-1.9326400000000001,1.310633
1520,SVK,2009-Q3,-1.459562,0.8692
1521,SVK,2009-Q4,-1.6101239999999999,0.7219
1522,SVK,2010-Q1,-5.4825040000000005,0.6621667
1523,SVK,2010-Q2,-2.296023,0.6862666999999999
1524,SVK,2010-Q3,-7.300378,0.8749334000000001
1525,SVK,2010-Q4,-3.7552589999999997,1.020467
1526,SVK,2011-Q1,-4.997717,1.093133
1527,SVK,2011-Q2,-7.313610000000001,1.411633
1528,SVK,2011-Q3,-5.9302410000000005,1.562067
1529,SVK,2011-Q4,-1.623436,1.495567
1530,SVK,2012-Q1,-1.133176,1.043
1531,SVK,2012-Q2,1.16448,0.6960334
1532,SVK,2012-Q3,0.9919091,0.3585667
1533,SVK,2012-Q4,2.710783,0.19513329999999998
1534,SVK,2013-Q1,2.282062,0.21146669999999998
1535,SVK,2013-Q2,3.642443,0.2068
1536,SVK,2013-Q3,1.8913790000000001,0.2235
1537,SVK,2013-Q4,-0.3542006,0.2409
1538,SVK,2014-Q1,0.3217095,0.2951333
1539,SVK,2014-Q2,1.384028,0.2985667
1540,SVK,2014-Q3,2.3809009999999997,0.1645667
1541,SVK,2014-Q4,0.4854794,0.08146667
1542,SVK,2015-Q1,-0.8535988999999999,0.04603333
1543,SVK,2015-Q2,-2.744573,-0.006533334
1544,SVK,2015-Q3,-2.8504560000000003,-0.0278
1545,SVK,2015-Q4,-0.605356,-0.08916666
1546,SVK,2016-Q1,-2.768734,-0.1860667
1547,SVK,2016-Q2,-0.6387609999999999,-0.2581
1548,SVK,2016-Q3,-0.3248034,-0.2981
1549,SVK,2016-Q4,-2.210111,-0.3125
1550,SVK,2017-Q1,-3.483476,-0.3278
1551,SVK,2017-Q2,-2.925146,-0.3299667
1552,SVK,2017-Q3,-0.7198682,-0.3296333
1553,SVK,2017-Q4,-1.293196,-0.3288
1554,SVK,2018-Q1,-3.316193,-0.3283
1555,ESP,2001-Q1,-4.551896,4.745033
1556,ESP,2001-Q2,-4.5008230000000005,4.590766
1557,ESP,2001-Q3,-4.342729,4.267833
1558,ESP,2001-Q4,-4.179797,3.4435
1559,ESP,2002-Q1,-3.882197,3.3622330000000002
1560,ESP,2002-Q2,-3.375336,3.446
1561,ESP,2002-Q3,-3.5934019999999998,3.357333
1562,ESP,2002-Q4,-4.096582,3.1088
1563,ESP,2003-Q1,-3.9167669999999997,2.6831
1564,ESP,2003-Q2,-3.64614,2.3619
1565,ESP,2003-Q3,-4.106175,2.1392330000000004
1566,ESP,2003-Q4,-3.8627879999999997,2.149633
1567,ESP,2004-Q1,-4.501907,2.062967
1568,ESP,2004-Q2,-5.734058999999999,2.082467
1569,ESP,2004-Q3,-6.051554,2.1163
1570,ESP,2004-Q4,-6.013526000000001,2.1636
1571,ESP,2005-Q1,-7.2720720000000005,2.140333
1572,ESP,2005-Q2,-7.453855,2.1246
1573,ESP,2005-Q3,-7.57983,2.1303330000000003
1574,ESP,2005-Q4,-7.656486999999999,2.343467
1575,ESP,2006-Q1,-8.335479,2.611567
1576,ESP,2006-Q2,-8.484697,2.8895
1577,ESP,2006-Q3,-9.391028,3.221367
1578,ESP,2006-Q4,-9.702924000000001,3.594467
1579,ESP,2007-Q1,-8.407708999999999,3.820333
1580,ESP,2007-Q2,-9.283472,4.064833
1581,ESP,2007-Q3,-10.32738,4.5005
1582,ESP,2007-Q4,-10.51769,4.724767
1583,ESP,2008-Q1,-9.85023,4.48
1584,ESP,2008-Q2,-9.939845,4.860466000000001
1585,ESP,2008-Q3,-9.100848,4.9818
1586,ESP,2008-Q4,-8.096259,4.2146669999999995
1587,ESP,2009-Q1,-5.447398000000001,2.0117
1588,ESP,2009-Q2,-3.469035,1.310633
1589,ESP,2009-Q3,-3.7333839999999996,0.8692
1590,ESP,2009-Q4,-4.462903,0.7219
1591,ESP,2010-Q1,-3.7266739999999996,0.6621667
1592,ESP,2010-Q2,-4.562398,0.6862666999999999
1593,ESP,2010-Q3,-3.833958,0.8749334000000001
1594,ESP,2010-Q4,-3.5632639999999998,1.020467
1595,ESP,2011-Q1,-3.7762910000000005,1.093133
1596,ESP,2011-Q2,-2.7925169999999997,1.411633
1597,ESP,2011-Q3,-2.9764150000000003,1.562067
1598,ESP,2011-Q4,-3.170907,1.495567
1599,ESP,2012-Q1,-2.1169990000000003,1.043
1600,ESP,2012-Q2,-0.9720386000000001,0.6960334
1601,ESP,2012-Q3,0.6362303,0.3585667
1602,ESP,2012-Q4,1.575249,0.19513329999999998
1603,ESP,2013-Q1,1.199017,0.21146669999999998
1604,ESP,2013-Q2,2.328861,0.2068
1605,ESP,2013-Q3,1.344362,0.2235
1606,ESP,2013-Q4,1.209816,0.2409
1607,ESP,2014-Q1,1.194879,0.2951333
1608,ESP,2014-Q2,0.17963929999999997,0.2985667
1609,ESP,2014-Q3,1.0989209999999998,0.1645667
1610,ESP,2014-Q4,1.83653,0.08146667
1611,ESP,2015-Q1,1.518022,0.04603333
1612,ESP,2015-Q2,1.092701,-0.006533334
1613,ESP,2015-Q3,0.8579654000000001,-0.0278
1614,ESP,2015-Q4,1.048992,-0.08916666
1615,ESP,2016-Q1,1.771207,-0.1860667
1616,ESP,2016-Q2,1.855593,-0.2581
1617,ESP,2016-Q3,2.162399,-0.2981
1618,ESP,2016-Q4,1.891055,-0.3125
1619,ESP,2017-Q1,1.813207,-0.3278
1620,ESP,2017-Q2,1.878066,-0.3299667
1621,ESP,2017-Q3,1.8035830000000002,-0.3296333
1622,ESP,2017-Q4,2.033568,-0.3288
1623,ESP,2018-Q1,1.6240629999999998,-0.3283
1624,SWE,2001-Q1,3.7332589999999994,4.076667
1625,SWE,2001-Q2,3.781819,4.04
1626,SWE,2001-Q3,5.397461,4.2
1627,SWE,2001-Q4,5.992044,3.705
1628,SWE,2002-Q1,4.960833999999999,3.9
1629,SWE,2002-Q2,5.041944,4.273333999999999
1630,SWE,2002-Q3,4.3036389999999995,4.206666
1631,SWE,2002-Q4,3.6353440000000004,3.8833330000000004
1632,SWE,2003-Q1,4.336158,3.5533330000000003
1633,SWE,2003-Q2,5.77305,3.1366669999999996
1634,SWE,2003-Q3,6.750013,2.7
1635,SWE,2003-Q4,6.634164,2.7166669999999997
1636,SWE,2004-Q1,5.395936,2.4733330000000002
1637,SWE,2004-Q2,6.34475,1.9966669999999997
1638,SWE,2004-Q3,6.174489,1.9933330000000002
1639,SWE,2004-Q4,6.135987,1.9933330000000002
1640,SWE,2005-Q1,5.312215,1.98
1641,SWE,2005-Q2,5.934594000000001,1.8466669999999998
1642,SWE,2005-Q3,6.883967,1.476667
1643,SWE,2005-Q4,6.096044,1.563333
1644,SWE,2006-Q1,8.496077,1.906667
1645,SWE,2006-Q2,7.284457000000001,2.123333
1646,SWE,2006-Q3,7.978789999999999,2.416667
1647,SWE,2006-Q4,9.023613000000001,2.88
1648,SWE,2007-Q1,8.054049000000001,3.253333
1649,SWE,2007-Q2,8.174994,3.396667
1650,SWE,2007-Q3,6.757874,3.576667
1651,SWE,2007-Q4,9.641993,3.983333
1652,SWE,2008-Q1,7.624447999999999,4.186666000000001
1653,SWE,2008-Q2,6.897563000000001,4.14
1654,SWE,2008-Q3,8.259228,4.41
1655,SWE,2008-Q4,8.618257,2.8833330000000004
1656,SWE,2009-Q1,4.444175,0.8666666999999999
1657,SWE,2009-Q2,7.947371,0.3866667
1658,SWE,2009-Q3,5.890766999999999,0.1633333
1659,SWE,2009-Q4,5.8479410000000005,0.1766667
1660,SWE,2010-Q1,5.659029,0.2166667
1661,SWE,2010-Q2,5.740018,0.28
1662,SWE,2010-Q3,5.634688,0.45333329999999994
1663,SWE,2010-Q4,6.825871,1.066667
1664,SWE,2011-Q1,5.528376000000001,1.656667
1665,SWE,2011-Q2,5.318414,1.8533330000000001
1666,SWE,2011-Q3,6.7926020000000005,1.696667
1667,SWE,2011-Q4,4.6508389999999995,1.423333
1668,SWE,2012-Q1,5.554151,1.546667
1669,SWE,2012-Q2,5.676299,1.353333
1670,SWE,2012-Q3,5.410722,1.096667
1671,SWE,2012-Q4,5.683886,1.016667
1672,SWE,2013-Q1,5.742445,0.97
1673,SWE,2013-Q2,5.2692440000000005,0.93
1674,SWE,2013-Q3,5.215715,0.9166667
1675,SWE,2013-Q4,4.698546,0.8866666999999999
1676,SWE,2014-Q1,4.865996,0.73
1677,SWE,2014-Q2,4.220923,0.6466666
1678,SWE,2014-Q3,4.5020690000000005,0.2233333
1679,SWE,2014-Q4,4.578494,0.08333334
1680,SWE,2015-Q1,4.680896,-0.006666666999999999
1681,SWE,2015-Q2,4.602162,-0.2833333
1682,SWE,2015-Q3,4.550616000000001,-0.47333329999999996
1683,SWE,2015-Q4,4.308344,-0.3933333
1684,SWE,2016-Q1,4.208774,-0.5166667
1685,SWE,2016-Q2,3.67635,-0.6066666999999999
1686,SWE,2016-Q3,4.096687999999999,-0.72
1687,SWE,2016-Q4,5.008287999999999,-0.7766666
1688,SWE,2017-Q1,3.015217,-0.6966667
1689,SWE,2017-Q2,4.095697,-0.64
1690,SWE,2017-Q3,3.095129,-0.73
1691,SWE,2017-Q4,2.9774540000000003,-0.7133333000000001
1692,SWE,2018-Q1,2.16908,-0.67
1693,CHE,2001-Q1,9.913238,3.39111
1694,CHE,2001-Q2,5.239886,3.2055569999999998
1695,CHE,2001-Q3,7.781186999999999,2.876667
1696,CHE,2001-Q4,9.480706,1.97722
1697,CHE,2002-Q1,5.621534,1.69
1698,CHE,2002-Q2,6.700651,1.348333
1699,CHE,2002-Q3,11.034419999999999,0.77389
1700,CHE,2002-Q4,9.953509,0.7016667
1701,CHE,2003-Q1,12.81894,0.49611000000000005
1702,CHE,2003-Q2,12.123380000000001,0.2927767
1703,CHE,2003-Q3,11.91062,0.26916999999999996
1704,CHE,2003-Q4,14.10949,0.2586133
1705,CHE,2004-Q1,17.2625,0.25166669999999997
1706,CHE,2004-Q2,15.30766,0.3433333
1707,CHE,2004-Q3,14.222170000000002,0.6166666999999999
1708,CHE,2004-Q4,12.42709,0.72778
1709,CHE,2005-Q1,14.8244,0.7611100000000001
1710,CHE,2005-Q2,16.184420000000003,0.7527767
1711,CHE,2005-Q3,11.48753,0.7683333000000001
1712,CHE,2005-Q4,11.727960000000001,0.9566665999999999
1713,CHE,2006-Q1,16.657429999999998,1.149723
1714,CHE,2006-Q2,12.5357,1.427777
1715,CHE,2006-Q3,16.34905,1.680277
1716,CHE,2006-Q4,12.06804,1.9708330000000003
1717,CHE,2007-Q1,11.877360000000001,2.235
1718,CHE,2007-Q2,11.1637,2.5066669999999998
1719,CHE,2007-Q3,14.838679999999998,2.79639
1720,CHE,2007-Q4,2.795554,2.751667
1721,CHE,2008-Q1,2.40581,2.7783330000000004
1722,CHE,2008-Q2,8.4288,2.791943
1723,CHE,2008-Q3,-0.8176235,2.81861
1724,CHE,2008-Q4,-0.5397933000000001,1.545
1725,CHE,2009-Q1,0.1721402,0.475
1726,CHE,2009-Q2,9.666209,0.39888670000000004
1727,CHE,2009-Q3,9.284262,0.32166669999999997
1728,CHE,2009-Q4,10.268930000000001,0.2545
1729,CHE,2010-Q1,17.677989999999998,0.24889
1730,CHE,2010-Q2,12.19717,0.15527670000000002
1731,CHE,2010-Q3,16.61121,0.1716667
1732,CHE,2010-Q4,12.7793,0.17
1733,CHE,2011-Q1,10.43315,0.1733333
1734,CHE,2011-Q2,9.12171,0.17861
1735,CHE,2011-Q3,7.58657,0.06777667
1736,CHE,2011-Q4,4.4392059999999995,0.048889999999999996
1737,CHE,2012-Q1,8.588115,0.08889
1738,CHE,2012-Q2,10.59609,0.09872334
1739,CHE,2012-Q3,11.02385,0.05
1740,CHE,2012-Q4,10.9306,0.02466667
1741,CHE,2013-Q1,7.972396000000001,0.022000000000000002
1742,CHE,2013-Q2,16.11894,0.01833333
1743,CHE,2013-Q3,13.361679999999998,0.01933333
1744,CHE,2013-Q4,7.852044,0.019
1745,CHE,2014-Q1,7.600110000000001,0.02066667
1746,CHE,2014-Q2,7.276814,0.01233333
1747,CHE,2014-Q3,8.558119999999999,0.013999999999999999
1748,CHE,2014-Q4,10.61178,-0.01566667
1749,CHE,2015-Q1,9.489122,-0.8393334000000001
1750,CHE,2015-Q2,11.14252,-0.7903333
1751,CHE,2015-Q3,14.495729999999998,-0.732
1752,CHE,2015-Q4,8.306032,-0.7733333
1753,CHE,2016-Q1,4.3249889999999995,-0.7636
1754,CHE,2016-Q2,11.34858,-0.7481334
1755,CHE,2016-Q3,10.33037,-0.7446666999999999
1756,CHE,2016-Q4,11.73917,-0.7360666
1757,CHE,2017-Q1,9.789811,-0.7281333000000001
1758,CHE,2017-Q2,10.513,-0.7298667
1759,CHE,2017-Q3,8.257147999999999,-0.7259333
1760,CHE,2017-Q4,10.65836,-0.7416666999999999
1761,CHE,2018-Q1,10.61148,-0.7416666999999999
1762,GBR,2001-Q1,-1.885861,5.613033000000001
1763,GBR,2001-Q2,-2.595757,5.204566000000001
1764,GBR,2001-Q3,-2.488004,4.896234
1765,GBR,2001-Q4,-2.013458,4.0652
1766,GBR,2002-Q1,-2.285256,3.9867
1767,GBR,2002-Q2,-3.237604,4.077267
1768,GBR,2002-Q3,-1.8423610000000001,3.925533
1769,GBR,2002-Q4,-1.725032,3.898933
1770,GBR,2003-Q1,-0.8731975000000001,3.717167
1771,GBR,2003-Q2,-2.270593,3.561067
1772,GBR,2003-Q3,-2.8360790000000002,3.4906
1773,GBR,2003-Q4,-1.716435,3.8553669999999998
1774,GBR,2004-Q1,-2.345018,4.097133
1775,GBR,2004-Q2,-2.340427,4.497533
1776,GBR,2004-Q3,-3.246142,4.846766000000001
1777,GBR,2004-Q4,-1.311728,4.8128
1778,GBR,2005-Q1,-1.9145439999999998,4.842067
1779,GBR,2005-Q2,-0.8280746999999999,4.8225
1780,GBR,2005-Q3,-2.785261,4.556
1781,GBR,2005-Q4,-2.590128,4.5558
1782,GBR,2006-Q1,-2.910491,4.528167
1783,GBR,2006-Q2,-2.8024459999999998,4.636867
1784,GBR,2006-Q3,-3.502302,4.852067
1785,GBR,2006-Q4,-2.9790080000000003,5.1699
1786,GBR,2007-Q1,-3.554008,5.4937
1787,GBR,2007-Q2,-3.058056,5.822267
1788,GBR,2007-Q3,-4.265116,6.331733
1789,GBR,2007-Q4,-3.453578,6.299533
1790,GBR,2008-Q1,-3.696418,5.6847
1791,GBR,2008-Q2,-4.639174,5.855866000000001
1792,GBR,2008-Q3,-3.8563089999999995,5.8034669999999995
1793,GBR,2008-Q4,-4.732432,4.590167
1794,GBR,2009-Q1,-4.416712,2.045267
1795,GBR,2009-Q2,-4.520508,1.277767
1796,GBR,2009-Q3,-2.249727,0.7073666000000001
1797,GBR,2009-Q4,-3.042779,0.5507666
1798,GBR,2010-Q1,-2.848071,0.5837
1799,GBR,2010-Q2,-2.945767,0.6902666999999999
1800,GBR,2010-Q3,-4.007067,0.7551666
1801,GBR,2010-Q4,-3.697601,0.7385
1802,GBR,2011-Q1,-1.733934,0.8271666999999999
1803,GBR,2011-Q2,-0.7258059,0.875
1804,GBR,2011-Q3,-2.990528,0.9313667
1805,GBR,2011-Q4,-2.3750400000000003,1.102033
1806,GBR,2012-Q1,-2.679987,1.149133
1807,GBR,2012-Q2,-4.37816,1.0753
1808,GBR,2012-Q3,-3.452144,0.7640333
1809,GBR,2012-Q4,-4.545083999999999,0.575
1810,GBR,2013-Q1,-4.871948000000001,0.5718333000000001
1811,GBR,2013-Q2,-3.986872,0.5497666999999999
1812,GBR,2013-Q3,-5.321529,0.525
1813,GBR,2013-Q4,-6.378307,0.5504
1814,GBR,2014-Q1,-4.526056,0.575
1815,GBR,2014-Q2,-4.143513,0.575
1816,GBR,2014-Q3,-4.974286,0.5723333
1817,GBR,2014-Q4,-6.053515,0.5524333
1818,GBR,2015-Q1,-5.285526,0.5507666
1819,GBR,2015-Q2,-3.533034,0.5510666
1820,GBR,2015-Q3,-4.103326,0.55
1821,GBR,2015-Q4,-6.731844000000001,0.5595334
1822,GBR,2016-Q1,-5.474464,0.6483667
1823,GBR,2016-Q2,-5.189236,0.6462
1824,GBR,2016-Q3,-6.272051,0.4016
1825,GBR,2016-Q4,-3.96288,0.3515667
1826,GBR,2017-Q1,-3.229746,0.3492667
1827,GBR,2017-Q2,-4.5847620000000004,0.35
1828,GBR,2017-Q3,-3.8711620000000004,0.3100333
1829,GBR,2017-Q4,-3.7898910000000003,0.42726670000000005
1830,GBR,2018-Q1,-3.4084790000000003,0.5238
1831,CHL,2003-Q1,0.8860534,2.853333
1832,CHL,2003-Q2,-2.85358,2.6166669999999996
1833,CHL,2003-Q3,-0.46953670000000003,2.916667
1834,CHL,2003-Q4,1.076223,2.683333
1835,CHL,2004-Q1,0.8461832,1.65
1836,CHL,2004-Q2,2.520445,1.443333
1837,CHL,2004-Q3,4.792298000000001,1.89
1838,CHL,2004-Q4,3.116187,2.336667
1839,CHL,2005-Q1,2.323193,2.7566669999999998
1840,CHL,2005-Q2,0.8243925,3.003333
1841,CHL,2005-Q3,0.4584038,3.6966669999999997
1842,CHL,2005-Q4,2.268405,4.6666669999999995
1843,CHL,2006-Q1,3.005427,4.503334
1844,CHL,2006-Q2,5.915344,4.653333
1845,CHL,2006-Q3,4.920495,5.11
1846,CHL,2006-Q4,4.174856,5.036667
1847,CHL,2007-Q1,8.033176,4.83
1848,CHL,2007-Q2,4.138422,4.786667
1849,CHL,2007-Q3,3.899855,5.273333999999999
1850,CHL,2007-Q4,1.426527,5.826667
1851,CHL,2008-Q1,0.08688378,6.57
1852,CHL,2008-Q2,-3.2481240000000002,6.87
1853,CHL,2008-Q4,-8.038314,8.27
1854,CHL,2009-Q1,1.6628330000000002,4.596667
1855,CHL,2009-Q2,2.080725,1.39
1856,CHL,2009-Q3,2.758341,0.5166667
1857,CHL,2009-Q4,0.9841571,0.48333329999999997
1858,CHL,2010-Q1,2.7965139999999997,0.48333329999999997
1859,CHL,2010-Q3,2.112916,2.436667
1860,CHL,2010-Q4,0.9225165999999999,3.29
1861,CHL,2011-Q1,0.12826369999999998,3.913333
1862,CHL,2011-Q2,-1.2656,5.31
1863,CHL,2011-Q3,-2.8755330000000003,5.396667
1864,CHL,2011-Q4,-2.4418490000000004,5.125
1865,CHL,2012-Q1,-2.959064,4.963333
1866,CHL,2012-Q2,-3.371686,5.105
1867,CHL,2013-Q2,-4.282061,4.973333
1868,CHL,2013-Q3,-3.9624910000000004,4.815
1869,CHL,2014-Q1,-2.803744,4.226666000000001
1870,CHL,2014-Q2,-1.79604,3.835
1871,CHL,2015-Q1,-1.516347,2.4733330000000002
1872,CHL,2015-Q2,-1.812075,2.94
1873,CHL,2016-Q1,-1.7682360000000001,3.5733330000000003
1874,CHL,2016-Q2,-1.4790809999999999,3.52
1875,CHL,2016-Q3,-1.52788,3.4933330000000002
1876,CHL,2017-Q2,-2.237609,2.583333
1877,CHL,2017-Q3,-0.616444,2.47
1878,CHL,2017-Q4,-1.065826,2.495
1879,CHL,2018-Q1,-0.6636325,2.546667
1880,EST,2001-Q1,-5.588874,5.983333
1881,EST,2001-Q2,-5.585073,5.62
1882,EST,2001-Q3,-8.212598,5.3
1883,EST,2001-Q4,-8.884471000000001,4.35
1884,EST,2002-Q1,-12.02856,3.97
1885,EST,2002-Q2,-10.22141,3.943333
1886,EST,2002-Q3,-10.29785,3.8833330000000004
1887,EST,2002-Q4,-12.01148,3.7233330000000002
1888,EST,2003-Q1,-13.36225,3.4033330000000004
1889,EST,2003-Q2,-10.28788,3.0266669999999998
1890,EST,2003-Q3,-13.42544,2.61
1891,EST,2003-Q4,-14.54151,2.61
1892,EST,2004-Q1,-13.870510000000001,2.6133330000000004
1893,EST,2004-Q2,-16.377860000000002,2.55
1894,EST,2004-Q3,-4.684577,2.41
1895,EST,2004-Q4,-13.37928,2.41
1896,EST,2005-Q1,-6.036667,2.4
1897,EST,2005-Q2,-8.067872,2.376667
1898,EST,2005-Q3,-11.04008,2.326667
1899,EST,2005-Q4,-9.565339,2.41
1900,EST,2006-Q1,-14.08407,2.7
1901,EST,2006-Q2,-13.37456,2.963333
1902,EST,2006-Q3,-14.697579999999999,3.3
1903,EST,2006-Q4,-17.57686,3.68
1904,EST,2007-Q1,-18.08601,3.9666669999999997
1905,EST,2007-Q2,-14.47066,4.616667
1906,EST,2007-Q3,-15.682529999999998,4.96
1907,EST,2007-Q4,-12.1116,5.936666000000001
1908,EST,2008-Q1,-12.37368,6.6666669999999995
1909,EST,2008-Q2,-8.700991,6.376666999999999
1910,EST,2008-Q3,-9.2699,6.353333
1911,EST,2008-Q4,-4.351053,7.26
1912,EST,2009-Q1,2.019832,7.096667
1913,EST,2009-Q2,1.163925,6.326667
1914,EST,2009-Q3,3.1781,5.863333
1915,EST,2009-Q4,3.8677129999999997,4.42
1916,EST,2010-Q1,2.1841049999999997,2.24
1917,EST,2010-Q2,0.8877825999999999,1.6433330000000002
1918,EST,2010-Q3,3.8650300000000004,1.283333
1919,EST,2010-Q4,0.3110682,1.113333
1920,EST,2011-Q1,-0.3182729,1.093133
1921,EST,2011-Q2,0.4020734,1.411633
1922,EST,2011-Q3,3.155601,1.562067
1923,EST,2011-Q4,2.001121,1.495567
1924,EST,2012-Q1,1.651716,1.043
1925,EST,2012-Q2,-3.540532,0.6960334
1926,EST,2012-Q3,-4.420815,0.3585667
1927,EST,2012-Q4,-1.38884,0.19513329999999998
1928,EST,2013-Q1,2.1198099999999998,0.21146669999999998
1929,EST,2013-Q2,0.81424,0.2068
1930,EST,2013-Q3,-1.368698,0.2235
1931,EST,2013-Q4,0.5553119000000001,0.2409
1932,EST,2014-Q1,-0.8483398999999999,0.2951333
1933,EST,2014-Q2,0.5961619,0.2985667
1934,EST,2014-Q3,-0.9211504,0.1645667
1935,EST,2014-Q4,2.16505,0.08146667
1936,EST,2015-Q1,1.475026,0.04603333
1937,EST,2015-Q2,3.555417,-0.006533334
1938,EST,2015-Q3,1.268976,-0.0278
1939,EST,2015-Q4,1.526718,-0.08916666
1940,EST,2016-Q1,0.8238124,-0.1860667
1941,EST,2016-Q2,2.2831040000000002,-0.2581
1942,EST,2016-Q3,3.3704970000000003,-0.2981
1943,EST,2016-Q4,1.118494,-0.3125
1944,EST,2017-Q1,4.571671,-0.3278
1945,EST,2017-Q2,1.757178,-0.3299667
1946,EST,2017-Q3,2.3724060000000002,-0.3296333
1947,EST,2017-Q4,3.7814349999999997,-0.3288
1948,EST,2018-Q1,2.55327,-0.3283
1949,ISR,2001-Q1,-2.915798,7.356542
1950,ISR,2001-Q2,-2.237865,6.625642
1951,ISR,2001-Q3,-0.5659021,6.391953
1952,ISR,2001-Q4,-0.1011864,5.751911
1953,ISR,2002-Q1,-0.6663636,4.429345
1954,ISR,2002-Q2,-2.361112,6.292143
1955,ISR,2002-Q3,-0.4784994000000001,9.065681
1956,ISR,2002-Q4,-0.1398687,8.883163
1957,ISR,2003-Q1,0.9599443999999999,8.217582
1958,ISR,2003-Q2,1.293294,7.208292999999999
1959,ISR,2003-Q3,-0.8742396000000001,5.7752870000000005
1960,ISR,2003-Q4,1.051774,5.246675
1961,ISR,2004-Q1,0.9955697,4.526537
1962,ISR,2004-Q2,1.485871,4.249765
1963,ISR,2004-Q3,1.530404,4.2212879999999995
1964,ISR,2004-Q4,1.961654,4.051572
1965,ISR,2005-Q1,1.999491,3.5410410000000003
1966,ISR,2005-Q2,2.0344439999999997,3.6517169999999997
1967,ISR,2005-Q3,3.0695639999999997,3.754914
1968,ISR,2005-Q4,5.104115,4.577329
1969,ISR,2006-Q1,3.290275,5.16498
1970,ISR,2006-Q2,3.554094,5.588273
1971,ISR,2006-Q3,4.921358000000001,5.765758
1972,ISR,2006-Q4,4.476694,5.330719
1973,ISR,2007-Q1,2.765107,4.568105
1974,ISR,2007-Q2,7.688956,3.9141269999999997
1975,ISR,2007-Q3,1.73023,4.183867
1976,ISR,2007-Q4,0.6256255999999999,4.355387
1977,ISR,2008-Q1,1.8029130000000002,3.9448239999999997
1978,ISR,2008-Q2,0.1789046,3.3842489999999996
1979,ISR,2008-Q3,0.37857399999999997,4.022639
1980,ISR,2008-Q4,1.840525,2.89622
1981,ISR,2009-Q1,3.6971809999999996,0.8006806
1982,ISR,2009-Q2,2.53492,0.35825300000000004
1983,ISR,2009-Q3,1.9512610000000001,0.5503680000000001
1984,ISR,2009-Q4,4.749916000000001,0.8483106
1985,ISR,2010-Q1,5.293992,1.300664
1986,ISR,2010-Q2,5.197943,1.542216
1987,ISR,2010-Q3,3.825335,1.7438810000000002
1988,ISR,2010-Q4,1.293717,1.982004
1989,ISR,2011-Q1,3.157753,2.3518830000000004
1990,ISR,2011-Q2,2.30087,3.144447
1991,ISR,2011-Q3,0.8485408999999999,3.0318169999999998
1992,ISR,2011-Q4,2.0085669999999998,2.6689849999999997
1993,ISR,2012-Q1,-2.206228,2.473748
1994,ISR,2012-Q2,1.433081,2.455725
1995,ISR,2012-Q3,1.92757,2.109596
1996,ISR,2012-Q4,0.8921146999999999,1.96871
1997,ISR,2013-Q1,3.4538089999999997,1.6967720000000002
1998,ISR,2013-Q2,2.739618,1.47376
1999,ISR,2013-Q3,1.1526239999999999,1.189163
2000,ISR,2013-Q4,4.458451,0.9204623
2001,ISR,2014-Q1,4.051826999999999,0.8416846
2002,ISR,2014-Q2,5.457765,0.6727743
2003,ISR,2014-Q3,2.892166,0.4466447
2004,ISR,2014-Q4,5.064539,0.22503499999999999
2005,ISR,2015-Q1,4.306883,0.185501
2006,ISR,2015-Q2,5.601617,0.099857
2007,ISR,2015-Q3,6.094933999999999,0.093299
2008,ISR,2015-Q4,4.979657,0.1134427
2009,ISR,2016-Q1,3.7840260000000003,0.08545499999999999
2010,ISR,2016-Q2,4.507505999999999,0.100632
2011,ISR,2016-Q3,2.435605,0.1158083
2012,ISR,2016-Q4,4.314088,0.1238323
2013,ISR,2017-Q1,3.0759950000000003,0.1224933
2014,ISR,2017-Q2,2.983485,0.1088393
2015,ISR,2017-Q3,2.976298,0.11675630000000001
2016,ISR,2017-Q4,2.516838,0.11308299999999999
2017,ISR,2018-Q1,2.019551,0.11715930000000001
2018,SVN,2002-Q1,0.7131481,7.803333
2019,SVN,2002-Q2,1.168404,8.466666
2020,SVN,2002-Q3,1.70097,8.633333
2021,SVN,2002-Q4,0.08880421,7.2
2022,SVN,2003-Q1,-1.382256,7.58
2023,SVN,2003-Q2,-0.5680469,6.83
2024,SVN,2003-Q3,-0.41192510000000004,6.47
2025,SVN,2003-Q4,-1.005454,6.246666
2026,SVN,2004-Q1,-2.200713,5.81
2027,SVN,2004-Q2,-3.5261690000000003,4.736667
2028,SVN,2004-Q3,-2.673355,4.036667
2029,SVN,2004-Q4,-2.492289,4.07
2030,SVN,2005-Q1,-2.035939,4.05
2031,SVN,2005-Q2,-0.8676482,4.05
2032,SVN,2005-Q3,-0.41054700000000005,4.03
2033,SVN,2005-Q4,-3.820732,4.006667
2034,SVN,2006-Q1,-2.264338,3.79
2035,SVN,2006-Q2,0.7873971,3.46
2036,SVN,2006-Q3,-2.4733490000000002,3.47
2037,SVN,2006-Q4,-3.2823239999999996,3.603333
2038,SVN,2007-Q1,-2.62074,3.820333
2039,SVN,2007-Q2,-3.6129339999999996,4.064833
2040,SVN,2007-Q3,-4.676986,4.5005
2041,SVN,2007-Q4,-5.419324,4.724767
2042,SVN,2008-Q1,-4.829909,4.48
2043,SVN,2008-Q2,-6.390398,4.860466000000001
2044,SVN,2008-Q3,-6.057257,4.9818
2045,SVN,2008-Q4,-3.9376870000000004,4.2146669999999995
2046,SVN,2009-Q1,-3.045045,2.0117
2047,SVN,2009-Q2,0.8567388000000001,1.310633
2048,SVN,2009-Q3,-1.8702400000000001,0.8692
2049,SVN,2009-Q4,1.83722,0.7219
2050,SVN,2010-Q1,-0.1810474,0.6621667
2051,SVN,2010-Q2,-0.8603976000000001,0.6862666999999999
2052,SVN,2010-Q3,0.11617160000000001,0.8749334000000001
2053,SVN,2010-Q4,0.45523230000000003,1.020467
2054,SVN,2011-Q1,-0.46445470000000005,1.093133
2055,SVN,2011-Q2,0.48427970000000004,1.411633
2056,SVN,2011-Q3,-0.1082009,1.562067
2057,SVN,2011-Q4,0.8252574,1.495567
2058,SVN,2012-Q1,-1.244691,1.043
2059,SVN,2012-Q2,1.508961,0.6960334
2060,SVN,2012-Q3,2.655656,0.3585667
2061,SVN,2012-Q4,5.746893,0.19513329999999998
2062,SVN,2013-Q1,4.382354,0.21146669999999998
2063,SVN,2013-Q2,4.216889,0.2068
2064,SVN,2013-Q3,4.192014,0.2235
2065,SVN,2013-Q4,4.746295,0.2409
2066,SVN,2014-Q1,4.298477,0.2951333
2067,SVN,2014-Q2,6.01558,0.2985667
2068,SVN,2014-Q3,5.92692,0.1645667
2069,SVN,2014-Q4,6.899725,0.08146667
2070,SVN,2015-Q1,4.020454,0.04603333
2071,SVN,2015-Q2,3.9355949999999997,-0.006533334
2072,SVN,2015-Q3,4.8486709999999995,-0.0278
2073,SVN,2015-Q4,5.381912000000001,-0.08916666
2074,SVN,2016-Q1,6.877599000000001,-0.1860667
2075,SVN,2016-Q2,5.139493,-0.2581
2076,SVN,2016-Q3,4.708565,-0.2981
2077,SVN,2016-Q4,5.3540410000000005,-0.3125
2078,SVN,2017-Q1,6.072275,-0.3278
2079,SVN,2017-Q2,6.916441000000001,-0.3299667
2080,SVN,2017-Q3,7.407739,-0.3296333
2081,SVN,2017-Q4,7.912766,-0.3288
2082,SVN,2018-Q1,7.7206339999999996,-0.3283
2083,EA19,2001-Q1,-0.7010739,4.745033
2084,EA19,2001-Q2,-0.7244415,4.590766
2085,EA19,2001-Q3,-0.205945,4.267833
2086,EA19,2001-Q4,0.19955810000000002,3.4435
2087,EA19,2002-Q1,0.8573475,3.3622330000000002
2088,EA19,2002-Q2,0.1353718,3.446
2089,EA19,2002-Q3,0.8475533000000002,3.357333
2090,EA19,2002-Q4,0.47519759999999994,3.1088
2091,EA19,2003-Q1,0.20312249999999998,2.6831
2092,EA19,2003-Q2,-0.1049348,2.3619
2093,EA19,2003-Q3,0.30031030000000003,2.1392330000000004
2094,EA19,2003-Q4,0.5355699,2.149633
2095,EA19,2004-Q1,0.8889945,2.062967
2096,EA19,2004-Q2,0.6603765,2.082467
2097,EA19,2004-Q3,0.4046982,2.1163
2098,EA19,2004-Q4,0.6827920999999999,2.1636
2099,EA19,2005-Q1,0.1858256,2.140333
2100,EA19,2005-Q2,0.2198359,2.1246
2101,EA19,2005-Q3,-0.009943361999999999,2.1303330000000003
2102,EA19,2005-Q4,-0.1376559,2.343467
2103,EA19,2006-Q1,-0.32402559999999997,2.611567
2104,EA19,2006-Q2,-0.20847960000000001,2.8895
2105,EA19,2006-Q3,-0.1822724,3.221367
2106,EA19,2006-Q4,0.04630482,3.594467
2107,EA19,2007-Q1,0.38663590000000003,3.820333
2108,EA19,2007-Q2,0.40761959999999997,4.064833
2109,EA19,2007-Q3,0.1876211,4.5005
2110,EA19,2007-Q4,-0.7892526999999999,4.724767
2111,EA19,2008-Q1,-1.549028,4.48
2112,EA19,2008-Q2,-1.212732,4.860466000000001
2113,EA19,2008-Q3,-1.716823,4.9818
2114,EA19,2008-Q4,-1.9695099999999999,4.2146669999999995
2115,EA19,2009-Q1,-0.6919727,2.0117
2116,EA19,2009-Q2,-0.2293634,1.310633
2117,EA19,2009-Q3,0.2901077,0.8692
2118,EA19,2009-Q4,-0.01258355,0.7219
2119,EA19,2010-Q1,-0.1589105,0.6621667
2120,EA19,2010-Q2,-0.09737737,0.6862666999999999
2121,EA19,2010-Q3,0.05243098,0.8749334000000001
2122,EA19,2010-Q4,-0.2214259,1.020467
2123,EA19,2011-Q1,-0.5388079000000001,1.093133
2124,EA19,2011-Q2,-0.07658680000000001,1.411633
2125,EA19,2011-Q3,-0.1894887,1.562067
2126,EA19,2011-Q4,0.3251672,1.495567
2127,EA19,2012-Q1,0.5610428000000001,1.043
2128,EA19,2012-Q2,1.645607,0.6960334
2129,EA19,2012-Q3,1.8705080000000003,0.3585667
2130,EA19,2012-Q4,1.93494,0.19513329999999998
2131,EA19,2013-Q1,2.397708,0.21146669999999998
2132,EA19,2013-Q2,2.6175770000000003,0.2068
2133,EA19,2013-Q3,2.158267,0.2235
2134,EA19,2013-Q4,2.7080889999999997,0.2409
2135,EA19,2014-Q1,2.729415,0.2951333
2136,EA19,2014-Q2,2.1852099999999997,0.2985667
2137,EA19,2014-Q3,2.885134,0.1645667
2138,EA19,2014-Q4,3.337167,0.08146667
2139,EA19,2015-Q1,3.5934459999999997,0.04603333
2140,EA19,2015-Q2,3.5388269999999995,-0.006533334
2141,EA19,2015-Q3,3.6983589999999995,-0.0278
2142,EA19,2015-Q4,3.824472,-0.08916666
2143,EA19,2016-Q1,4.317424,-0.1860667
2144,EA19,2016-Q2,4.467422,-0.2581
2145,EA19,2016-Q3,3.8304449999999997,-0.2981
2146,EA19,2016-Q4,4.016242,-0.3125
2147,EA19,2017-Q1,3.7052910000000003,-0.3278
2148,EA19,2017-Q2,3.258838,-0.3299667
2149,EA19,2017-Q3,4.8226569999999995,-0.3296333
2150,EA19,2017-Q4,4.386162000000001,-0.3288
2151,EA19,2018-Q1,4.582431,-0.3283
2152,LVA,2001-Q1,-5.7479190000000004,6.396667
2153,LVA,2001-Q2,-3.9009650000000002,6.893333
2154,LVA,2001-Q3,-6.432174,7.323333
2155,LVA,2001-Q4,-10.971810000000001,6.8333330000000005
2156,LVA,2002-Q1,-6.34035,4.963333
2157,LVA,2002-Q2,-6.881475,4.386667
2158,LVA,2002-Q3,-5.829594,4.19
2159,LVA,2002-Q4,-5.531435,3.876667
2160,LVA,2003-Q1,-6.904698,3.75
2161,LVA,2003-Q2,-8.472567,3.746667
2162,LVA,2003-Q3,-7.441388000000001,3.83
2163,LVA,2003-Q4,-7.713328999999999,4.013333
2164,LVA,2004-Q1,-10.66114,4.236667
2165,LVA,2004-Q2,-18.07882,4.2275
2166,LVA,2004-Q3,-12.0629,4.103333
2167,LVA,2004-Q4,-8.652453,4.36
2168,LVA,2005-Q1,-11.67152,3.74
2169,LVA,2005-Q2,-11.0567,2.86
2170,LVA,2005-Q3,-10.65886,2.7633330000000003
2171,LVA,2005-Q4,-13.46376,2.9266669999999997
2172,LVA,2006-Q1,-15.204070000000002,4.01
2173,LVA,2006-Q2,-18.608810000000002,4.183333
2174,LVA,2006-Q3,-22.24221,4.78
2175,LVA,2006-Q4,-25.16396,4.513333
2176,LVA,2007-Q1,-21.90119,5.243333
2177,LVA,2007-Q2,-22.15222,9.133333
2178,LVA,2007-Q3,-22.50766,8.57
2179,LVA,2007-Q4,-17.678929999999998,11.74
2180,LVA,2008-Q1,-15.535260000000001,7.673333
2181,LVA,2008-Q2,-14.92305,5.95
2182,LVA,2008-Q3,-11.48829,6.28
2183,LVA,2008-Q4,-7.4984779999999995,12.05333
2184,LVA,2009-Q1,0.9152799,11.53
2185,LVA,2009-Q2,12.03651,15.696670000000001
2186,LVA,2009-Q3,10.10999,13.86
2187,LVA,2009-Q4,10.38899,11.25
2188,LVA,2010-Q1,7.751214,3.42
2189,LVA,2010-Q2,4.212319,2.163333
2190,LVA,2010-Q3,0.40061779999999997,1.403333
2191,LVA,2010-Q4,-1.1016860000000002,1.0
2192,LVA,2011-Q1,-0.4989121,0.8633333000000001
2193,LVA,2011-Q2,-2.4092990000000003,0.77
2194,LVA,2011-Q3,-5.505205999999999,0.84
2195,LVA,2011-Q4,-2.171265,1.373333
2196,LVA,2012-Q1,-4.622456,1.43
2197,LVA,2012-Q2,-4.592365,0.9466667
2198,LVA,2012-Q3,-1.658309,0.6466666
2199,LVA,2012-Q4,-2.394658,0.53
2200,LVA,2013-Q1,-2.847122,0.48666670000000006
2201,LVA,2013-Q2,-1.8707630000000002,0.41333329999999996
2202,LVA,2013-Q3,-4.180959,0.2966667
2203,LVA,2013-Q4,-2.125794,0.2533333
2204,LVA,2014-Q1,-1.588838,0.2951333
2205,LVA,2014-Q2,-2.053658,0.2985667
2206,LVA,2014-Q3,-2.259459,0.1645667
2207,LVA,2014-Q4,-1.348242,0.08146667
2208,LVA,2015-Q1,0.31521940000000004,0.04603333
2209,LVA,2015-Q2,-0.8713475,-0.006533334
2210,LVA,2015-Q3,-1.733584,-0.0278
2211,LVA,2015-Q4,0.5414076,-0.08916666
2212,LVA,2016-Q1,3.5555220000000003,-0.1860667
2213,LVA,2016-Q2,0.3244088,-0.2581
2214,LVA,2016-Q3,2.360973,-0.2981
2215,LVA,2016-Q4,-0.10993720000000001,-0.3125
2216,LVA,2017-Q1,2.559295,-0.3278
2217,LVA,2017-Q2,-2.6547419999999997,-0.3299667
2218,LVA,2017-Q3,-3.5822239999999996,-0.3296333
2219,LVA,2017-Q4,-0.1737349,-0.3288
2220,LVA,2018-Q1,2.732114,-0.3283
2221,LTU,2004-Q1,-9.124512,2.663677
2222,LTU,2004-Q2,-8.521794,2.6911110000000003
2223,LTU,2004-Q3,-8.270141,2.693824
2224,LTU,2004-Q4,-5.016433999999999,2.6787229999999997
2225,LTU,2005-Q1,-6.742413000000001,2.564628
2226,LTU,2005-Q2,-8.145535,2.408074
2227,LTU,2005-Q3,-10.11735,2.322636
2228,LTU,2005-Q4,-4.252269,2.417944
2229,LTU,2006-Q1,-9.207701,2.638642
2230,LTU,2006-Q2,-8.552353,2.911667
2231,LTU,2006-Q3,-12.64472,3.262377
2232,LTU,2006-Q4,-11.5207,3.621146
2233,LTU,2007-Q1,-12.358139999999999,3.904186
2234,LTU,2007-Q2,-14.370829999999998,4.738853
2235,LTU,2007-Q3,-14.470379999999999,5.271148999999999
2236,LTU,2007-Q4,-18.78111,6.498757
2237,LTU,2008-Q1,-19.35118,5.136715000000001
2238,LTU,2008-Q2,-17.33091,5.225454
2239,LTU,2008-Q3,-10.55912,5.772212000000001
2240,LTU,2008-Q4,-6.694502000000001,8.021771000000001
2241,LTU,2009-Q1,-0.9188786,7.654064
2242,LTU,2009-Q2,-1.4610969999999999,7.294254
2243,LTU,2009-Q3,1.141514,7.816825
2244,LTU,2009-Q4,7.963782000000001,5.506739
2245,LTU,2010-Q1,-1.171714,2.39403
2246,LTU,2010-Q2,-0.1475196,1.556984
2247,LTU,2010-Q3,-1.074307,1.680577
2248,LTU,2010-Q4,-2.269721,1.586234
2249,LTU,2011-Q1,-3.743981,1.385343
2250,LTU,2011-Q2,-4.8418660000000004,1.622982
2251,LTU,2011-Q3,-3.2868519999999997,1.8423939999999999
2252,LTU,2011-Q4,-6.222411,1.839821
2253,LTU,2012-Q1,-5.519353,1.409076
2254,LTU,2012-Q2,2.331789,1.238828
2255,LTU,2012-Q3,-2.808625,0.9497870999999999
2256,LTU,2012-Q4,0.6856621999999999,0.7302645000000001
2257,LTU,2013-Q1,2.1342,0.4887879
2258,LTU,2013-Q2,0.9229831000000001,0.6978081
2259,LTU,2013-Q3,0.2336209,0.4537405
2260,LTU,2013-Q4,0.9064401,0.3992018
2261,LTU,2014-Q1,2.7651369999999997,0.40969700000000003
2262,LTU,2014-Q2,0.279721,0.4015
2263,LTU,2014-Q3,6.689763,0.3089882
2264,LTU,2014-Q4,2.7966029999999997,0.187
2265,LTU,2015-Q1,-2.1251700000000002,0.04603333
2266,LTU,2015-Q2,-6.708721000000001,-0.006533334
2267,LTU,2015-Q3,-2.51613,-0.0278
2268,LTU,2015-Q4,-0.2797637,-0.08916666
2269,LTU,2016-Q1,1.6724330000000003,-0.1860667
2270,LTU,2016-Q2,-3.756049,-0.2581
2271,LTU,2016-Q3,-1.09362,-0.2981
2272,LTU,2016-Q4,-1.45774,-0.3125
2273,LTU,2017-Q1,1.024701,-0.3278
2274,LTU,2017-Q2,-1.645521,-0.3299667
2275,LTU,2017-Q3,-0.3669148,-0.3296333
2276,LTU,2017-Q4,2.4415810000000002,-0.3288
2277,LTU,2018-Q1,1.470351,-0.3283
